0,DATE,D0,D1,D2,D3,D4,-9,W0,W1,W2,W3,W4
0,d_18950101,0,0,0,0,0,100,0,0,0,0,0
0,d_18950201,0,0,0,0,0,100,0,0,0,0,0
0,d_18950301,0,0,0,0,0,100,0,0,0,0,0
0,d_18950401,0,0,0,0,0,100,0,0,0,0,0
0,d_18950501,0,0,0,0,0,100,0,0,0,0,0
0,d_18950601,0,0,0,0,0,100,0,0,0,0,0
0,d_18950701,0,0,0,0,0,100,0,0,0,0,0
0,d_18950801,0,0,0,0,0,100,0,0,0,0,0
22.6,d_18950901,77.5,63.9,53.6,48.9,41.4,0,0,0,0,0,0
7.8,d_18951001,92.2,83.8,62.3,56.1,48.5,0,0,0,0,0,0
7.6,d_18951101,92.4,82.4,61.4,55.7,48.3,0,0,0,0,0,0
13.3,d_18951201,86.8,66.8,54.6,47.5,32.4,0,0,0,0,0,0
31.3,d_18960101,68.4,58.1,47.5,36,13.3,0,0.3,0,0,0,0
9.3,d_18960201,90.7,82.2,62.9,55.2,36.8,0,0,0,0,0,0
11.2,d_18960301,88.8,79.8,59.5,47.5,19.9,0,0,0,0,0,0
25.1,d_18960401,67.6,46,11.2,0.1,0,0,7.4,2.2,0,0,0
64.8,d_18960501,13.9,1,0,0,0,0,21.2,13.5,4.1,0.5,0
78.1,d_18960601,13.4,1,0,0,0,0,8.6,2.9,0,0,0
78.3,d_18960701,0.5,0,0,0,0,0,21.2,4.8,0,0,0
90.4,d_18960801,2.2,0.5,0,0,0,0,7.4,0.7,0,0,0
80.4,d_18960901,6.3,2.6,0.2,0,0,0,13.3,1.3,0,0,0
81.3,d_18961001,5,1.3,0,0,0,0,13.6,0.8,0,0,0
43.8,d_18961101,0.5,0,0,0,0,0,55.8,22.4,0.3,0.1,0
44.6,d_18961201,1,0,0,0,0,0,54.4,17.1,0.1,0,0
62.3,d_18970101,13.3,6.4,0,0,0,0,24.4,3.2,0.2,0.1,0
76,d_18970201,18.5,10.8,0,0,0,0,5.4,1.7,0.1,0,0
63.2,d_18970301,8.2,0.6,0,0,0,0,28.4,8,0.3,0.1,0
56.6,d_18970401,4.9,0.2,0,0,0,0,38.4,16.4,1.6,0.1,0
70.8,d_18970501,5.1,2,0,0,0,0,24.1,6.2,0.1,0,0
41.3,d_18970601,1.4,0.1,0,0,0,0,57.3,30.1,2.9,0,0
42,d_18970701,2,0,0,0,0,0,55.9,33.7,7.6,2.6,0.4
73.7,d_18970801,14.6,1,0,0,0,0,11.9,8,1.7,0.1,0
62.1,d_18970901,28.3,2.5,0,0,0,0,9.5,5.1,0.6,0,0
30.2,d_18971001,62.5,41.9,3.2,0.4,0,0,7.4,3,0,0,0
17.3,d_18971101,80.3,50.5,4.5,0.8,0,0,2.5,0,0,0,0
12.2,d_18971201,87.8,82.1,8.4,2.9,0.2,0,0,0,0,0,0
12.9,d_18980101,86.2,78.7,9.5,2.4,0,0,0.9,0,0,0,0
36.9,d_18980201,57.9,20.8,0,0,0,0,5.1,1.1,0,0,0
20.3,d_18980301,76.8,45.6,10.1,0,0,0,2.9,0.2,0,0,0
11.4,d_18980401,88.6,65.7,39.8,16.9,0.3,0,0,0,0,0,0
21.5,d_18980501,78.7,62.8,42.2,21.3,1.5,0,0,0,0,0,0
31.6,d_18980601,66,52.9,34.5,20.4,1.2,0,2.4,0.3,0,0,0
24.2,d_18980701,70.9,58.2,39.5,30.9,16.8,0,5,1.6,0.1,0,0
26.4,d_18980801,65.2,53.2,35.8,25.9,8.7,0,8.2,2.2,0.4,0,0
22,d_18980901,76.4,66.3,43.1,33.1,17.5,0,1.6,0.6,0,0,0
46.4,d_18981001,51.7,36.8,11.6,0.9,0,0,1.9,0.4,0,0,0
38.4,d_18981101,60.9,43.2,18.2,5.3,0.2,0,0.5,0,0,0,0
13.8,d_18981201,86.2,63.1,31.5,16.5,2.3,0,0,0,0,0,0
18.1,d_18990101,81.9,61.7,21.7,10.5,1.6,0,0,0,0,0,0
16.9,d_18990201,83,53.9,12.1,3.1,0,0,0,0,0,0,0
26.8,d_18990301,73,36.5,3.4,0.1,0,0,0.2,0,0,0,0
50.8,d_18990401,46.6,8.8,0.6,0,0,0,2.7,0.5,0,0,0
71.1,d_18990501,20,6.9,0,0,0,0,8.7,0.4,0,0,0
27,d_18990601,4.6,2,0,0,0,0,68.4,57.8,19.7,10.6,1.7
60,d_18990701,12.8,6.4,0.7,0,0,0,27.2,8.5,0.6,0,0
57.6,d_18990801,12.7,7.2,1.4,0,0,0,29.7,18.6,2.1,0.3,0
64.5,d_18990901,12.2,5.5,0,0,0,0,23.3,11.2,0.5,0,0
53.1,d_18991001,10.6,4.1,0,0,0,0,36.3,18.6,2.4,0.2,0
59.8,d_18991101,17.7,7.5,0.4,0,0,0,22.4,10,0.7,0,0
61.2,d_18991201,17.3,6.7,0.3,0,0,0,21.5,9.3,1,0,0
50.4,d_19000101,20.2,5.6,0.2,0,0,0,29.4,13.4,1.1,0,0
58.5,d_19000201,23.2,5.9,0,0,0,0,18.2,4,0.1,0,0
46.4,d_19000301,51.3,33.5,5.7,0.7,0,0,2.3,0.3,0,0,0
33.1,d_19000401,46.6,35.5,16.2,6,0,0,20.3,5.3,0,0,0
17,d_19000501,83,55.7,24.1,13.9,0.9,0,0,0,0,0,0
5.5,d_19000601,94.6,83.2,46.4,31,15.2,0,0,0,0,0,0
54.4,d_19000701,34.7,18.5,2.2,0.1,0,0,10.9,5.2,0.3,0,0
57.1,d_19000801,4.6,0.5,0,0,0,0,38.3,20.1,3.2,1,0.1
36.2,d_19000901,3.7,0.3,0,0,0,0,60.1,46.9,22.6,6.5,0.8
22.4,d_19001001,0,0,0,0,0,0,77.5,66.9,54.3,45.5,24.1
26.9,d_19001101,0,0,0,0,0,0,73.1,62.8,49.7,37.4,13.5
28.2,d_19001201,0.2,0,0,0,0,0,71.5,62.6,48.8,37.1,12.3
28.4,d_19010101,0.1,0,0,0,0,0,71.4,62.6,49.4,37.4,8.8
18,d_19010201,0,0,0,0,0,0,81.9,69.6,59.1,52.1,37.8
0,d_19010301,0,0,0,0,0,0,100,95.9,74,65.9,57.5
29.5,d_19010401,0.7,0,0,0,0,0,69.7,64,51,39.3,22.5
22.7,d_19010501,19.1,10.2,1.7,0,0,0,58.3,51.7,34.6,15.3,3.3
43.7,d_19010601,23.4,18.8,7.6,1.1,0,0,33,13,0.1,0,0
32.5,d_19010701,66.4,46.9,25.2,14.8,5.4,0,1.1,0,0,0,0
22.4,d_19010801,77.3,61,33.9,23.4,17.5,0,0.3,0,0,0,0
41,d_19010901,58.8,42.7,22.7,18.9,11.8,0,0.2,0,0,0,0
53.1,d_19011001,46.6,26.7,19.6,16.2,8.6,0,0.4,0,0,0,0
46.9,d_19011101,52.8,31.1,21.3,18.4,13.7,0,0.3,0,0,0,0
23.2,d_19011201,76.9,52.8,26.6,21.9,17.1,0,0,0,0,0,0
49.7,d_19020101,50.4,31.6,21.5,17.9,12.1,0,0,0,0,0,0
64.8,d_19020201,33.3,24.6,19.4,15.4,8.4,0,1.9,0,0,0,0
43.9,d_19020301,54.6,28.5,17.7,10.4,4.6,0,1.5,0,0,0,0
21.6,d_19020401,78.4,62.4,31.8,22.1,10.6,0,0,0,0,0,0
44.1,d_19020501,38.8,25.6,6.2,1.1,0.1,0,17.1,12.2,4.8,1.7,0
45.8,d_19020601,43.4,35,22.8,7.2,0.4,0,10.8,6,0.5,0,0
27.8,d_19020701,30.9,21.8,4.4,0.7,0,0,41.3,31.4,9.6,3.3,0.3
30.6,d_19020801,30.6,23.7,7.3,1.2,0,0,38.8,23,3.5,0.6,0
33.2,d_19020901,31.6,18.8,8.7,1.4,0,0,35.3,18,2.6,0.6,0
35.2,d_19021001,31.7,18.2,8.5,1.6,0.1,0,33.1,16,1.1,0.2,0
43.6,d_19021101,19.3,13.2,2.4,0.2,0,0,37.1,16,0.8,0.1,0
33.6,d_19021201,12.6,7.1,0.3,0,0,0,53.9,35.1,2.7,0.5,0
30.8,d_19030101,12.8,8.3,0.2,0,0,0,56.5,38.5,5.6,1,0.1
67,d_19030201,11.7,4.1,0,0,0,0,21.2,3.6,0,0,0
60.8,d_19030301,1,0.2,0,0,0,0,38.2,14,2.1,0,0
52.3,d_19030401,25.5,6.7,0.1,0,0,0,22.2,9.2,0.2,0,0
36.7,d_19030501,0.1,0,0,0,0,0,63.2,54.3,30.7,12.7,1.3
42.2,d_19030601,11.6,0.6,0,0,0,0,46.1,28.5,9.3,0.2,0
27.6,d_19030701,0,0,0,0,0,0,72.4,60,35.7,20.1,9.3
0.4,d_19030801,0,0,0,0,0,0,99.6,90.6,54,25.4,7.3
4.7,d_19030901,0,0,0,0,0,0,95.4,80.1,53,35.9,13.5
3.6,d_19031001,0,0,0,0,0,0,96.3,83,52.8,35.9,14.3
12.1,d_19031101,0,0,0,0,0,0,87.8,72.7,41.6,27,4.2
25.4,d_19031201,0,0,0,0,0,0,74.5,60.2,31.9,19,0
31.2,d_19040101,0,0,0,0,0,0,68.8,51,26.2,12.2,0
54,d_19040201,1.6,0,0,0,0,0,44.4,29.6,10.4,0,0
13.6,d_19040301,0,0,0,0,0,0,86.5,68.3,34.7,21.9,1.1
57.6,d_19040401,0,0,0,0,0,0,42.3,26.7,4.4,0.1,0
60.5,d_19040501,13.9,7,0,0,0,0,25.7,5.6,0,0,0
49.8,d_19040601,48.4,23,8.9,5.8,0.3,0,1.8,0.3,0,0,0
35.6,d_19040701,60.6,38.9,8.8,5.4,1.1,0,3.7,1,0,0,0
39.2,d_19040801,55.3,22.9,5.6,2.8,0.3,0,5.5,1.6,0.1,0,0
63.9,d_19040901,19.5,7,2.4,1,0,0,16.9,9.1,2.1,0.9,0.1
43.7,d_19041001,8.4,4.4,0.9,0,0,0,47.8,26,9,3.9,1.3
64.5,d_19041101,14,8.6,2.5,0.8,0,0,21.4,12.1,2.8,1.1,0.2
59.6,d_19041201,16.1,11.1,3.6,0.8,0,0,24.3,15,4.3,2.1,0.6
53.2,d_19050101,13.1,8.8,2,0,0,0,33.6,19.1,6.2,3,0.9
63.1,d_19050201,14.6,6.2,0.8,0,0,0,22.2,9.7,1,0.1,0
81.2,d_19050301,4.9,1.5,0,0,0,0,13.9,2.6,0,0,0
79.4,d_19050401,11,3.3,0,0,0,0,9.6,0,0,0,0
53.3,d_19050501,0.2,0,0,0,0,0,46.5,15.8,0.9,0,0
29.7,d_19050601,0.2,0,0,0,0,0,70.2,48.2,16.8,5.4,0.1
57.2,d_19050701,8.6,1.3,0,0,0,0,34.2,21.5,8.6,2.3,0
29.3,d_19050801,0,0,0,0,0,0,70.7,54.5,29.3,16,7
36.5,d_19050901,2.4,0,0,0,0,0,61.2,37.8,11.3,5.6,0.3
33,d_19051001,0,0,0,0,0,0,66.9,41.9,9.6,2.2,0.5
29.9,d_19051101,0,0,0,0,0,0,70.1,43.2,8,1.2,0.3
32.9,d_19051201,0,0,0,0,0,0,67.2,35.4,4.8,1.2,0.2
16.4,d_19060101,0,0,0,0,0,0,83.6,73,34.6,11,1.5
23.6,d_19060201,0,0,0,0,0,0,76.3,57.2,12.8,2.2,0.4
49.8,d_19060301,1.4,0,0,0,0,0,48.7,20.9,1.1,0.7,0.4
70.8,d_19060401,4.7,0,0,0,0,0,24.5,10.5,0.1,0,0
56.7,d_19060501,10.6,0.3,0,0,0,0,32.7,19.2,5.6,1,0
64.4,d_19060601,0.9,0,0,0,0,0,34.8,19.3,6.2,4,1
70,d_19060701,18.1,8.2,0.3,0,0,0,11.8,6.3,2.1,0.1,0
86,d_19060801,3.2,0.6,0,0,0,0,10.7,5.8,0.3,0,0
90.1,d_19060901,0.4,0,0,0,0,0,9.5,5.1,0,0,0
83.6,d_19061001,9,0.1,0,0,0,0,7.4,3.6,0,0,0
72.1,d_19061101,3.6,0,0,0,0,0,24.2,7.3,0.6,0,0
76.4,d_19061201,3.4,0,0,0,0,0,20.2,3.9,0.5,0,0
36.3,d_19070101,0,0,0,0,0,0,63.8,21,2.9,0.7,0
68.6,d_19070201,0.2,0,0,0,0,0,31.2,10.3,1,0.3,0
75.9,d_19070301,3.4,0.3,0,0,0,0,20.7,2.2,0.4,0,0
62.9,d_19070401,0.1,0,0,0,0,0,37.1,18,1.3,0.8,0.3
64.9,d_19070501,15.5,7.2,0.9,0,0,0,19.7,8.1,1,0.6,0
45.2,d_19070601,34.3,16.4,6.5,3.4,0.4,0,20.6,12,1.4,0.6,0.1
25.3,d_19070701,43.5,27.8,12.2,6.5,1.7,0,31.2,23.2,8.6,2.8,0
24.2,d_19070801,41.4,34.7,19.9,14.5,8.3,0,34.3,21.9,1.9,0.2,0
33.1,d_19070901,30.3,15.8,6.3,2,0.5,0,36.6,21.8,4.8,1.3,0.1
33.3,d_19071001,54.5,39.7,12.8,7.4,2.1,0,12.1,3.9,0.2,0,0
31.4,d_19071101,54.3,44.2,16.7,9.2,2.9,0,14.4,4.6,0.3,0,0
33.2,d_19071201,54,46,22.8,12,4.3,0,12.8,3,0,0,0
33.4,d_19080101,52.2,41.8,18.2,12.3,6.2,0,14.3,2.3,0,0,0
32.2,d_19080201,41.5,31.9,10.5,5.4,1.8,0,26.2,13.5,0.3,0,0
41.4,d_19080301,23.3,6.4,1,0,0,0,35.3,13.7,1.5,0,0
76.5,d_19080401,9.2,2,0,0,0,0,14.3,2.7,0.6,0.2,0
66.5,d_19080501,1.7,0,0,0,0,0,31.7,13.7,1.1,0,0
58.8,d_19080601,23.6,14.8,1.8,0,0,0,17.7,3.4,0,0,0
52.3,d_19080701,4.7,0,0,0,0,0,43,17.5,0.7,0,0
69.1,d_19080801,16.6,6.5,0,0,0,0,14.4,1.3,0,0,0
83.5,d_19080901,15.6,3.8,0,0,0,0,0.8,0,0,0,0
64.8,d_19081001,35.1,10.7,0.4,0,0,0,0.1,0,0,0,0
51,d_19081101,49,21.4,1.5,0,0,0,0,0,0,0,0
48.3,d_19081201,51.8,21.8,0.6,0,0,0,0,0,0,0,0
35.9,d_19090101,64.2,40.3,10.8,0.3,0,0,0,0,0,0,0
16.8,d_19090201,83.3,67.5,27.6,5.2,0,0,0,0,0,0,0
4.1,d_19090301,95.9,84.9,44.5,3.9,0,0,0,0,0,0,0
32.2,d_19090401,67.7,57.3,22.5,6.5,0,0,0,0,0,0,0
48.1,d_19090501,51.7,31.7,0.7,0,0,0,0.2,0,0,0,0
41.4,d_19090601,49.2,30.4,7.5,1.6,0,0,9.4,3.5,0,0,0
54.4,d_19090701,37,23.2,6.8,0.6,0,0,8.6,2.8,0.2,0,0
53.8,d_19090801,33.9,20.4,5.4,0.5,0,0,12.3,5.5,0.5,0,0
56.7,d_19090901,36.2,20.9,5.4,0.1,0,0,7.1,3.2,0,0,0
43.4,d_19091001,52.3,29.2,6.7,0.3,0,0,4.3,2.5,0.1,0,0
62.1,d_19091101,29.7,14.7,0.1,0,0,0,8.2,3.8,0.7,0,0
64.2,d_19091201,17.1,5.9,0,0,0,0,18.8,7.3,1.3,0.2,0
52.4,d_19100101,36.8,17.1,0,0,0,0,10.9,4.8,0.8,0,0
58.3,d_19100201,29.8,6.3,0,0,0,0,12,5.1,0.9,0.1,0
46.6,d_19100301,43.6,28.8,0.7,0,0,0,9.8,4.7,1.4,0.3,0
68,d_19100401,22.7,11.6,2.1,0.3,0,0,9.3,0.4,0,0,0
54.5,d_19100501,45.6,12.9,0,0,0,0,0,0,0,0,0
5.5,d_19100601,94.5,81.7,62,33.5,3.5,0,0,0,0,0,0
1.7,d_19100701,98.3,90,71.1,53.7,14.4,0,0,0,0,0,0
5,d_19100801,94.4,87.5,75.4,70.6,63.4,0,0.6,0.2,0,0,0
2.6,d_19100901,97.2,95.1,87.1,75.2,56.7,0,0.2,0,0,0,0
2.8,d_19101001,97,95.9,92.7,86.7,66.7,0,0.2,0,0,0,0
2.4,d_19101101,97.3,96.1,92.8,86.1,63.8,0,0.3,0,0,0,0
3.5,d_19101201,95.7,94.2,85.9,67.3,48.5,0,0.7,0,0,0,0
2,d_19110101,97.9,96.9,94.6,91.2,64.9,0,0,0,0,0,0
3.1,d_19110201,96.2,94.7,82.9,62.5,43.5,0,0.7,0,0,0,0
5.8,d_19110301,92.6,76.1,49.2,29.7,6.3,0,1.6,0.9,0,0,0
19.3,d_19110401,78.4,57.4,42.9,36.9,21.9,0,2.3,1.3,0,0,0
30.3,d_19110501,67.1,57.2,34.7,21.3,4.8,0,2.6,1.1,0,0,0
21.2,d_19110601,77.2,60.8,32.2,22.7,9.6,0,1.7,0,0,0,0
38.8,d_19110701,56.2,34.1,6.7,0.5,0,0,5.1,1.5,0,0,0
52.2,d_19110801,38.9,19.2,0.4,0,0,0,8.9,3.6,0,0,0
68.3,d_19110901,7.8,0.8,0,0,0,0,23.8,11.2,1.5,0.1,0
30.6,d_19111001,0.4,0,0,0,0,0,69,54.8,29.3,9.9,1.9
30,d_19111101,0.3,0,0,0,0,0,69.6,55.5,24.6,8.9,1
20.1,d_19111201,0,0,0,0,0,0,79.9,69.4,41.1,18.5,3
18.5,d_19120101,0,0,0,0,0,0,81.4,71.4,51.7,32.7,7.9
17.4,d_19120201,0.1,0,0,0,0,0,82.4,66.8,32.5,14.7,0
16.5,d_19120301,0,0,0,0,0,0,83.5,68.1,29,2.5,0
14.5,d_19120401,2.5,0.2,0,0,0,0,83,66,28.4,7.1,0
11.7,d_19120501,0,0,0,0,0,0,88.3,79.2,60.2,43.6,18.3
40.2,d_19120601,5.1,0.2,0,0,0,0,54.7,27.6,1.6,0,0
34.7,d_19120701,24.4,11,0.4,0,0,0,40.8,22.3,4.3,1.5,0.1
33.6,d_19120801,10.8,2.3,0,0,0,0,55.6,43.9,19.9,7.9,1.4
36.2,d_19120901,18.3,9,0.4,0,0,0,45.5,34.1,9.6,2.9,0.2
33.7,d_19121001,18.6,9.7,1.2,0,0,0,47.6,32.9,6.5,2.4,0
34.5,d_19121101,22,13.2,3.6,1,0,0,43.5,27.4,5.2,2.1,0
32,d_19121201,12.7,4.9,0.1,0,0,0,55.3,43.1,9.4,4,0.8
31.7,d_19130101,13.3,6.1,0.7,0,0,0,55,43.2,17.3,7.5,2.8
41.4,d_19130201,21.8,12.5,6.4,3,0.6,0,37,20.3,5.3,2.7,0
22.2,d_19130301,8.3,6,1.6,0.2,0,0,69.4,59.1,38.9,29.3,12
44.6,d_19130401,8.1,3.6,0.3,0,0,0,47.2,29.1,3.1,0.2,0
40,d_19130501,17.3,7.8,2.9,1.3,0.3,0,42.5,32.4,3.8,0.1,0
53.3,d_19130601,16,8.6,3.3,1.4,0,0,30.7,12.6,0.3,0,0
19.7,d_19130701,0,0,0,0,0,0,80.2,54.4,24.8,7.2,0
23.4,d_19130801,0,0,0,0,0,0,76.5,44.6,16.6,2.2,0
49.6,d_19130901,0,0,0,0,0,0,50.3,34.5,6.2,0.1,0
34.3,d_19131001,0,0,0,0,0,0,65.8,39.3,8.7,0.1,0
44,d_19131101,0,0,0,0,0,0,55.9,34.3,6.7,0,0
73.2,d_19131201,1.3,0,0,0,0,0,25.4,8.3,0,0,0
64.4,d_19140101,0.7,0,0,0,0,0,34.9,16,0.8,0,0
88.5,d_19140201,10,1.1,0,0,0,0,1.6,0,0,0,0
94.2,d_19140301,3.3,0.5,0,0,0,0,2.4,0,0,0,0
32.5,d_19140401,67.6,29.7,0.5,0,0,0,0,0,0,0,0
72,d_19140501,27.9,9.3,0.3,0,0,0,0,0,0,0,0
51.1,d_19140601,0.7,0,0,0,0,0,48.2,27.1,5.1,0.7,0
56.9,d_19140701,11.8,2.4,0,0,0,0,31.3,15,0.7,0,0
42,d_19140801,9.9,1.6,0,0,0,0,48,28.5,4.1,0.3,0
37.4,d_19140901,0.2,0,0,0,0,0,62.4,39.4,10,2.5,0
45.6,d_19141001,0.3,0,0,0,0,0,54.2,28.8,3.1,0.4,0
56,d_19141101,0.5,0,0,0,0,0,43.5,23.5,1.7,0.1,0
62.2,d_19141201,0.7,0,0,0,0,0,37,19.2,1.2,0,0
57.2,d_19150101,1.3,0.1,0,0,0,0,41.5,19.1,0.9,0,0
33.3,d_19150201,0.2,0,0,0,0,0,66.6,40,10.2,1.8,0
76.2,d_19150301,22.6,10.4,1.2,0.1,0,0,1.2,0,0,0,0
42.8,d_19150401,57.1,27.9,8.4,1.9,0.1,0,0,0,0,0,0
51.9,d_19150501,40.8,26.5,12.7,4.1,0,0,7.2,2.7,0,0,0
45.1,d_19150601,53.2,32.5,6.7,0.3,0,0,1.7,0,0,0,0
53.5,d_19150701,41.9,17.6,0.1,0,0,0,4.5,0.8,0,0,0
63.4,d_19150801,24.1,12.9,0.4,0,0,0,12.6,3.2,0,0,0
59.1,d_19150901,7.6,2.8,0,0,0,0,33.3,20.2,1.7,0,0
70.3,d_19151001,6.7,1.4,0,0,0,0,23,6.1,0,0,0
72.9,d_19151101,1.4,0,0,0,0,0,25.8,4,0,0,0
66,d_19151201,0,0,0,0,0,0,33.9,7.1,0,0,0
10.2,d_19160101,0,0,0,0,0,0,89.8,60.8,17.3,1.1,0
30.7,d_19160201,0,0,0,0,0,0,69.3,36.7,0.4,0,0
24.5,d_19160301,0.7,0,0,0,0,0,74.9,47.7,10.6,1.2,0
20.5,d_19160401,0,0,0,0,0,0,79.4,52,13.3,2,0
4.5,d_19160501,0,0,0,0,0,0,95.5,71.4,20.3,4.7,0
15.2,d_19160601,0.1,0,0,0,0,0,84.8,69.3,51.8,37.7,3.6
30.5,d_19160701,2.1,0.3,0,0,0,0,67.5,55.4,11.9,3.1,0
58.7,d_19160801,9.1,2.3,0,0,0,0,32.3,19.3,0.1,0,0
36.8,d_19160901,1.2,0,0,0,0,0,62,36.5,4.9,0,0
43.7,d_19161001,4.6,0,0,0,0,0,51.7,25.8,5.2,0.3,0
43.4,d_19161101,4.5,0.1,0,0,0,0,52.1,28.9,5.4,0.3,0
57.2,d_19161201,3.2,0.2,0,0,0,0,39.7,17.1,1.9,0,0
64.2,d_19170101,1.8,0.1,0,0,0,0,34.1,21.1,5.3,0.1,0
56.5,d_19170201,11.2,1.4,0,0,0,0,32.3,16.2,1.8,0,0
58.5,d_19170301,31.1,12,0.4,0,0,0,10.5,5.5,0,0,0
61.3,d_19170401,6.3,0.4,0,0,0,0,32.4,16.3,6.5,2.4,0
57.9,d_19170501,13.5,7.2,2.3,0.9,0,0,28.7,15,4.7,0.2,0
43.8,d_19170601,25.8,14.6,5.4,3,0.6,0,30.2,22.8,11.6,3,0
46,d_19170701,40.7,29.5,8.9,1.8,0,0,13.3,0.8,0,0,0
52.1,d_19170801,44.5,29.5,7.9,0.9,0,0,3.4,0.1,0,0,0
52.1,d_19170901,47.2,28.7,6.2,0.4,0,0,0.8,0,0,0,0
52.1,d_19171001,41.4,17.6,0.5,0,0,0,6.5,0.1,0,0,0
38.5,d_19171101,60.7,40.5,8.3,0.3,0,0,0.8,0,0,0,0
27.6,d_19171201,72.2,56.1,27.1,8,0.1,0,0.2,0,0,0,0
30.6,d_19180101,65.5,50.9,23.9,7.6,0.3,0,4,1.3,0,0,0
37,d_19180201,58.3,33.6,3.5,0.5,0,0,4.7,1.4,0,0,0
15.5,d_19180301,84.6,51.2,14,4.6,0.1,0,0,0,0,0,0
20.8,d_19180401,79,62.3,20.2,11.9,1.5,0,0.2,0,0,0,0
64,d_19180501,12.9,4.5,0.3,0,0,0,23.2,14.7,2.2,0,0
60.9,d_19180601,26.5,19.5,6.4,0.7,0,0,12.8,6.1,0.7,0,0
36.3,d_19180701,63,40.2,14.8,7.1,0.5,0,0.8,0,0,0,0
64.7,d_19180801,26.9,10.8,2,0.4,0,0,8.5,0.3,0,0,0
56.2,d_19180901,43.1,23.1,5,2.2,0.2,0,0.6,0,0,0,0
52.3,d_19181001,46.4,27.4,8.4,2.1,0,0,1.4,0.1,0,0,0
55,d_19181101,42.3,25.4,8.2,1.3,0,0,2.6,0.9,0,0,0
60.9,d_19181201,34.9,18.6,1.8,0.1,0,0,4.2,1.9,0,0,0
58.6,d_19190101,34.1,22,6.7,0.9,0,0,7.2,3.1,0.7,0,0
21.7,d_19190201,74.5,56.4,24.8,7.4,0.1,0,3.6,2.2,0.4,0,0
42.9,d_19190301,48.9,32.3,5.8,0,0,0,8.2,4.1,1.4,0.2,0
57.7,d_19190401,23.8,12.8,1.6,0,0,0,18.4,10.1,3.2,1.6,0.2
63.2,d_19190501,34.1,10.2,0.3,0,0,0,2.6,0,0,0,0
50,d_19190601,0.2,0,0,0,0,0,49.8,29.3,4.8,0.8,0
46.5,d_19190701,0,0,0,0,0,0,53.6,42.3,19.8,4.5,0.3
53.5,d_19190801,4.9,0.5,0,0,0,0,41.6,26.6,3.7,0.1,0
70.4,d_19190901,7.8,3.9,0.4,0,0,0,21.8,10.1,0.4,0,0
41.2,d_19191001,3.3,1.6,0,0,0,0,55.4,29.1,4.8,0.4,0
33.5,d_19191101,1.4,0,0,0,0,0,65.1,32.9,5.8,0.4,0
44.9,d_19191201,1.5,0,0,0,0,0,53.6,25.5,4.2,0,0
51,d_19200101,1.6,0.3,0,0,0,0,47.3,18.3,2.4,0,0
43.7,d_19200201,0.4,0,0,0,0,0,55.8,26.6,2.7,0,0
28,d_19200301,0.7,0,0,0,0,0,71.4,38.9,1.3,0,0
50.9,d_19200401,1.3,0,0,0,0,0,47.8,25.9,1.3,0,0
42.9,d_19200501,4.9,0.3,0,0,0,0,52.2,26.9,3.7,0.2,0
6.9,d_19200601,0,0,0,0,0,0,93.1,81.2,37.2,14.1,0.7
54.5,d_19200701,5.4,2,0.2,0,0,0,40.1,27.9,3.9,0,0
70.2,d_19200801,22.1,7.3,0.8,0,0,0,7.7,0.3,0,0,0
55.5,d_19200901,43.9,22.2,2.7,0,0,0,0.5,0,0,0,0
51.2,d_19201001,48.6,23.5,0.9,0,0,0,0.3,0,0,0,0
65.8,d_19201101,31.7,12.4,0.7,0,0,0,2.6,0.6,0,0,0
56.7,d_19201201,42.6,19.4,2.7,0,0,0,0.6,0,0,0,0
52.9,d_19210101,46.7,19.1,5.8,3.2,0,0,0.3,0,0,0,0
64.5,d_19210201,34.5,12.3,5.9,2.5,0,0,1,0,0,0,0
17.7,d_19210301,82.2,63.5,21.4,4.2,0,0,0,0,0,0,0
53.8,d_19210401,35.4,11.4,2.7,0.5,0,0,10.8,0.9,0,0,0
82,d_19210501,9.9,4.1,0.2,0,0,0,8.1,1.2,0,0,0
73.6,d_19210601,11.3,6.2,1.8,0.1,0,0,15,4.9,1.4,0.3,0
71.3,d_19210701,12.4,2.8,0.2,0,0,0,16.3,4.2,0.2,0,0
71.2,d_19210801,18.5,5.9,0.9,0,0,0,10.2,1.4,0,0,0
63.1,d_19210901,16.5,6,0.9,0.1,0,0,20.5,9.2,0.5,0,0
61.6,d_19211001,16.9,7.4,0.8,0,0,0,21.6,18.2,4.4,1.4,0
58.1,d_19211101,20.6,9,0.8,0,0,0,21.4,17.9,5.3,1.9,0
53.6,d_19211201,22.6,4.9,0.4,0,0,0,23.8,20.2,9.6,2.2,0
30.9,d_19220101,49.5,30.5,0.9,0,0,0,19.6,12.9,0,0,0
60.5,d_19220201,12,0.9,0,0,0,0,27.5,19,5.1,0.1,0
47.4,d_19220301,0.6,0,0,0,0,0,52.1,39.1,18.3,9.8,0.5
47,d_19220401,0.8,0.1,0,0,0,0,52.2,44.7,32.2,22.5,12.7
30.6,d_19220501,0.8,0.2,0,0,0,0,68.7,53.1,29.7,17.2,4.2
34.9,d_19220601,0.2,0,0,0,0,0,64.9,47.4,15.9,7.3,1.7
29.4,d_19220701,0,0,0,0,0,0,70.7,52,20.9,11.5,6.1
52.7,d_19220801,1.7,0.2,0,0,0,0,45.7,26.6,12.2,8.4,4.2
59.7,d_19220901,9.2,2.8,0.2,0,0,0,31.1,16.2,7.5,3.4,1
67.3,d_19221001,16.1,5.8,0,0,0,0,16.5,9.5,2.6,0.7,0
68,d_19221101,22.2,6.4,0.1,0,0,0,9.8,4,0.6,0,0
63.6,d_19221201,30.8,16.7,1,0.1,0,0,5.6,1.9,0,0,0
58.7,d_19230101,38.9,17.1,3,0.6,0,0,2.4,0.2,0,0,0
46.6,d_19230201,48.8,27.6,6.6,1.7,0,0,4.5,1.3,0,0,0
46.7,d_19230301,52.5,30,3.6,0,0,0,0.7,0,0,0,0
17.8,d_19230401,82.2,53.5,3.1,0,0,0,0,0,0,0,0
28.8,d_19230501,71.1,38,0.3,0,0,0,0.1,0,0,0,0
50.9,d_19230601,45.9,24.7,0,0,0,0,3.3,0.7,0,0,0
44.6,d_19230701,35.3,12.6,0,0,0,0,20.1,9.8,2.1,0.2,0
32.8,d_19230801,64.8,42.5,9.3,3.4,0,0,2.4,0,0,0,0
36.5,d_19230901,62.5,35,0.8,0,0,0,1,0.1,0,0,0
23.2,d_19231001,76.8,57.7,11.6,1.6,0.1,0,0.2,0,0,0,0
17.9,d_19231101,82.1,68.5,28.5,4.1,0.3,0,0,0,0,0,0
14,d_19231201,86,71.8,28.1,6,0.3,0,0,0,0,0,0
14.1,d_19240101,85.9,69.5,29.7,5.6,0.1,0,0,0,0,0,0
26.7,d_19240201,72,50.7,15.5,2.6,0,0,1.4,0,0,0,0
19.6,d_19240301,78.6,60.9,29.9,15.3,5.2,0,1.7,0,0,0,0
52.8,d_19240401,43.4,30,15.7,9.5,5.8,0,3.7,1,0.1,0,0
48.7,d_19240501,43,19.9,8.1,5.9,2.6,0,8.3,2.5,0.3,0,0
52.2,d_19240601,33,14,5.8,1.5,0,0,14.9,5.8,0.6,0.1,0
70.9,d_19240701,14.4,7.1,0.7,0,0,0,14.7,7.8,0.8,0.2,0
19.6,d_19240801,0,0,0,0,0,0,80.4,55.3,30.4,18.3,12.1
30.6,d_19240901,0,0,0,0,0,0,69.5,39.4,18.2,13.1,7.4
60.3,d_19241001,0.3,0,0,0,0,0,39.4,22.8,11.2,6.4,1.3
64,d_19241101,0.7,0,0,0,0,0,35.2,21.3,11.1,6.1,1
70.7,d_19241201,1.6,0.2,0,0,0,0,27.7,15.2,5.5,1.2,0
68.8,d_19250101,18.9,5,0.6,0,0,0,12.2,6.5,0.2,0,0
60.4,d_19250201,20.6,12.5,2.5,0.7,0,0,19.2,6.8,0,0,0
65.5,d_19250301,26.5,17.3,5.4,1,0,0,8,4.4,0,0,0
56.8,d_19250401,36.2,22.7,11.6,5.6,0.5,0,7,3.1,0,0,0
0,d_19250501,100,100,93.1,83.9,65.2,0,0,0,0,0,0
8.4,d_19250601,91.6,86.9,52.3,36.3,17.9,0,0,0,0,0,0
43.3,d_19250701,52.1,35.3,23,15.8,5.5,0,4.6,0.8,0,0,0
28.6,d_19250801,71.3,54.9,27.1,14.7,5.5,0,0.2,0,0,0,0
50.6,d_19250901,46.7,28.9,14.1,7.3,1.4,0,2.6,0.3,0,0,0
59.5,d_19251001,38.9,26.1,14.3,6.6,0.8,0,1.6,0,0,0,0
49.7,d_19251101,49.6,33.7,19.6,12.5,3.6,0,0.6,0,0,0,0
58.1,d_19251201,35.9,25,14.5,7.2,1.9,0,6,0.3,0,0,0
47.1,d_19260101,38.1,24.3,13.4,5.9,1.2,0,14.7,1.8,0,0,0
35.5,d_19260201,19.6,12.7,2.3,0.6,0.1,0,44.9,29.3,8.2,0.5,0
68.6,d_19260301,26.7,12.3,1.7,0.3,0,0,4.8,0.1,0,0,0
44.9,d_19260401,55.1,29.9,13.9,6.2,0.5,0,0,0,0,0,0
70.6,d_19260501,26.9,13.9,5,2.9,0.5,0,2.6,0,0,0,0
33.2,d_19260601,64.8,39.2,7.7,2.7,0,0,1.9,0,0,0,0
58.7,d_19260701,41.3,20.9,4.3,1.6,0.1,0,0.1,0,0,0,0
53.8,d_19260801,18,6.2,0,0,0,0,28.1,7.1,1,0,0
40.9,d_19260901,1.1,0,0,0,0,0,58,43.1,9.1,0.9,0
34.2,d_19261001,0.1,0,0,0,0,0,65.7,48.7,16.2,2.8,0
30.6,d_19261101,0.3,0,0,0,0,0,69,50.9,16,0.8,0
27.7,d_19261201,0,0,0,0,0,0,72.3,52.7,16.8,2.3,0
17.2,d_19270101,0,0,0,0,0,0,82.8,62.7,29,7.6,0
18.1,d_19270201,0,0,0,0,0,0,82,64.9,27.7,4.5,0.1
13.6,d_19270301,0,0,0,0,0,0,86.3,67.2,35.9,14.5,2.2
8.3,d_19270401,0,0,0,0,0,0,91.7,71.1,41.3,14.3,1.9
8,d_19270501,0,0,0,0,0,0,92.1,76.8,41.6,20,2.2
66.4,d_19270601,5.9,2.8,0,0,0,0,27.6,7.5,0,0,0
74.8,d_19270701,5.9,2.8,0,0,0,0,19.3,1.7,0,0,0
28.2,d_19270801,71.8,27.2,4.3,1.8,0,0,0,0,0,0,0
62.8,d_19270901,36.1,10.4,0.8,0.1,0,0,1.1,0,0,0,0
65.3,d_19271001,24.4,3.8,0,0,0,0,10.3,3.7,0,0,0
60.2,d_19271101,16.1,2.6,0,0,0,0,23.7,9.4,0,0,0
71.2,d_19271201,5.6,0.3,0,0,0,0,23.2,7.5,0,0,0
84.6,d_19280101,4.2,0.9,0,0,0,0,11.2,0,0,0,0
81.7,d_19280201,16.2,7.6,0,0,0,0,2.2,0,0,0,0
65.4,d_19280301,13.1,5.8,0,0,0,0,21.6,7.8,0,0,0
56.2,d_19280401,21.5,12.5,0,0,0,0,22.3,6.9,0,0,0
50.4,d_19280501,11.8,8.2,0.5,0,0,0,37.7,19.4,0,0,0
66.9,d_19280601,20.9,0.6,0,0,0,0,12.1,3.8,0.1,0,0
71.6,d_19280701,22.7,8,0.3,0,0,0,5.7,0.7,0,0,0
66.8,d_19280801,2.7,0.2,0,0,0,0,30.5,14.1,1.3,0.2,0
56,d_19280901,9.4,1.8,0,0,0,0,34.5,14.2,2,0.3,0
35.7,d_19281001,0,0,0,0,0,0,64.4,39.8,11.2,4.2,1
45.6,d_19281101,0,0,0,0,0,0,54.4,30.5,4.2,1.6,0
43.7,d_19281201,0,0,0,0,0,0,56.3,30.3,2.4,0.3,0
16.4,d_19290101,0,0,0,0,0,0,83.6,55.7,15.5,4.1,0
1.3,d_19290201,0,0,0,0,0,0,98.8,88.3,43.1,20.2,4.8
3.5,d_19290301,0,0,0,0,0,0,96.5,81.8,41.4,23.2,5.9
10.7,d_19290401,0,0,0,0,0,0,89.3,82.4,70.2,49.9,24.1
24.1,d_19290501,4.5,0.1,0,0,0,0,71.3,57.1,18.4,3.4,0.2
24.2,d_19290601,13.3,8.6,0.1,0,0,0,62.4,41,22.9,8.3,1.6
41,d_19290701,26.1,20.5,12.2,8.2,2.3,0,32.9,20.6,6.9,1.7,0
50.6,d_19290801,36.1,23.1,15.5,10,0.5,0,13.3,4.3,0,0,0
61.1,d_19290901,31.8,18.9,3.3,0.8,0,0,7.1,0.8,0,0,0
38.8,d_19291001,61.2,41.5,14.5,1.2,0,0,0,0,0,0,0
25.1,d_19291101,74.9,58.6,22.8,4.5,0,0,0,0,0,0,0
19,d_19291201,80.9,63.6,28.1,7.6,0.1,0,0,0,0,0,0
3.4,d_19300101,96.6,88,51.7,22,1.7,0,0,0,0,0,0
7.7,d_19300201,92.3,70.8,19.9,3.6,0,0,0,0,0,0,0
3.6,d_19300301,96.4,79.3,31.3,8.3,0.2,0,0,0,0,0,0
2.3,d_19300401,97.6,87.4,55.1,26.6,1.4,0,0,0,0,0,0
29.8,d_19300501,70,50,18.1,2.2,0,0,0.2,0,0,0,0
58.8,d_19300601,41.2,14.7,1.1,0.5,0,0,0,0,0,0,0
44.4,d_19300701,55.6,26.4,4.7,1.1,0.2,0,0,0,0,0,0
7.1,d_19300801,93,61.4,23.9,11.3,0.9,0,0,0,0,0,0
13,d_19300901,87.1,56.5,12.5,7.1,1.6,0,0,0,0,0,0
16.7,d_19301001,83.3,51.2,10.1,5.1,0.8,0,0,0,0,0,0
8.9,d_19301101,91.1,65.8,19.6,10.5,4,0,0,0,0,0,0
6.9,d_19301201,93.1,68.5,25.4,14.7,7.4,0,0,0,0,0,0
8.8,d_19310101,91.2,68.3,24,15.8,4.1,0,0,0,0,0,0
8.1,d_19310201,91.9,82.8,40.8,24.1,13.5,0,0,0,0,0,0
0,d_19310301,99.9,99.9,91.4,71.8,21.7,0,0,0,0,0,0
0,d_19310401,99.9,99.9,96.5,86.6,54.7,0,0,0,0,0,0
0.8,d_19310501,99.2,97.1,89.3,73.6,37.7,0,0,0,0,0,0
4.1,d_19310601,96,86.1,68.9,55.8,25,0,0,0,0,0,0
0.2,d_19310701,99.7,95.3,83.4,78.2,60.2,0,0,0,0,0,0
0.2,d_19310801,99.7,93.9,82,73.7,53.4,0,0,0,0,0,0
15.8,d_19310901,84.2,74.2,29.7,7.1,0.5,0,0,0,0,0,0
32.4,d_19311001,67.1,42.4,6.4,0.4,0,0,0.4,0,0,0,0
70.6,d_19311101,16.6,4.9,0,0,0,0,12.8,4.3,0,0,0
72.3,d_19311201,16,4.2,0,0,0,0,11.8,4.1,0,0,0
58.8,d_19320101,0.8,0,0,0,0,0,40.4,17.1,3.1,0,0
25.5,d_19320201,0,0,0,0,0,0,74.4,51.7,17.3,7.2,0.1
27.6,d_19320301,4.3,0,0,0,0,0,68.1,35.6,1.7,0,0
24.2,d_19320401,0.2,0,0,0,0,0,75.6,55.4,13.6,1.4,0
22.4,d_19320501,0.1,0,0,0,0,0,77.5,65.5,25.4,5.6,0.3
58.1,d_19320601,13.8,7.3,0.2,0,0,0,28.1,12.3,1.9,0.3,0
55.5,d_19320701,32.6,16.3,2.4,0,0,0,11.9,6.4,0.3,0,0
23.9,d_19320801,71.9,53.4,21.1,8.2,2,0,4.2,2.1,0,0,0
10.9,d_19320901,87,76.9,47.3,29,14,0,2,0,0,0,0
6.6,d_19321001,93.5,89.1,70.3,49.3,18.3,0,0,0,0,0,0
5.5,d_19321101,94.4,89.4,71.7,49.5,18.5,0,0,0,0,0,0
7.7,d_19321201,92.1,82.2,48.3,25.1,5.7,0,0.2,0,0,0,0
13.8,d_19330101,85.8,69.9,30.4,10,0,0,0.3,0,0,0,0
15.9,d_19330201,84,67.7,25.3,5.6,0,0,0,0,0,0,0
27.7,d_19330301,72.2,42.4,1.1,0,0,0,0.1,0,0,0,0
41,d_19330401,58.6,22.8,0.6,0,0,0,0.3,0,0,0,0
48.1,d_19330501,38.2,23.7,8.5,3.1,0,0,13.6,3.1,0,0,0
53.1,d_19330601,28.8,12.8,0.5,0,0,0,18,14.9,6.2,1.4,0
52.1,d_19330701,29.9,13.9,3.9,0.9,0,0,17.9,9.5,1.4,0,0
22.7,d_19330801,61.9,52.3,30.1,14.6,5.2,0,15.3,6.5,0.1,0,0
20.7,d_19330901,68.8,58.7,36.5,17,5.6,0,10.5,2.7,0.1,0,0
25,d_19331001,66.6,57.1,33.5,12,1.9,0,8.5,1.7,0,0,0
25.2,d_19331101,72.2,63.5,46,29.6,6.6,0,2.7,0.5,0,0,0
22.9,d_19331201,76.5,65.5,45.2,15.7,3.1,0,0.6,0,0,0,0
21.1,d_19340101,78.6,69.8,49.5,27.8,5.8,0,0.2,0,0,0,0
0.3,d_19340201,99.7,97.1,81.2,64.5,31.6,0,0,0,0,0,0
1.4,d_19340301,98.6,92.5,66.7,46.8,17.8,0,0,0,0,0,0
0.4,d_19340401,99.7,96.3,71,52.4,15,0,0,0,0,0,0
2.6,d_19340501,97.4,87.6,73.6,64.6,31.7,0,0,0,0,0,0
0.3,d_19340601,99.8,95.7,61.5,47.2,33.6,0,0,0,0,0,0
0,d_19340701,100,100,92.6,75.8,48.4,0,0,0,0,0,0
0,d_19340801,100,98.3,75.4,53.6,30.7,0,0,0,0,0,0
30.7,d_19340901,69.3,51.7,24.4,12.8,2.6,0,0,0,0,0,0
37.6,d_19341001,62.4,46,15.9,8.2,0.1,0,0,0,0,0,0
54.7,d_19341101,18.8,5.8,0,0,0,0,26.4,10,0,0,0
61.5,d_19341201,11.6,0.3,0,0,0,0,26.9,11.4,0,0,0
56.4,d_19350101,0.3,0,0,0,0,0,43.3,25.5,2.3,0,0
29.6,d_19350201,0,0,0,0,0,0,70.3,51.8,25.1,8.3,0
23.7,d_19350301,0,0,0,0,0,0,76.4,51.5,17,1.9,0
4.4,d_19350401,0,0,0,0,0,0,95.5,73.8,29.5,17.1,2.7
5,d_19350501,0,0,0,0,0,0,95,75.6,30.7,16.5,0.9
21.3,d_19350601,0,0,0,0,0,0,78.7,53.3,10.9,1.4,0
16.9,d_19350701,0,0,0,0,0,0,83.1,57.8,23.5,10.5,2.8
44.5,d_19350801,11.6,5.4,0,0,0,0,44,23.5,4.6,0.8,0
60.9,d_19350901,22.6,6.4,0.1,0,0,0,16.5,6.6,0.2,0,0
52.5,d_19351001,32.4,16.1,0.7,0,0,0,15,4.7,0,0,0
56.2,d_19351101,27.2,11.3,0.5,0,0,0,16.5,4.4,0,0,0
55,d_19351201,27.9,9.3,0,0,0,0,17,4.8,0,0,0
61.6,d_19360101,18,6.8,0,0,0,0,20.4,6.2,0.1,0,0
58,d_19360201,3.6,0.6,0,0,0,0,38.4,23.9,2.3,0.2,0
39.1,d_19360301,26.2,9.3,0.4,0,0,0,34.8,21.2,1,0.2,0
50.1,d_19360401,47.7,32.8,2.9,0,0,0,2.1,0.4,0,0,0
40.5,d_19360501,59.3,47.4,30.5,20.4,3.9,0,0.2,0,0,0,0
28.6,d_19360601,71.3,60.1,42.5,30.8,4.9,0,0.1,0,0,0,0
0,d_19360701,100,100,96.2,82.1,52.9,0,0,0,0,0,0
7.3,d_19360801,92.8,82.6,59.9,39.5,9.8,0,0,0,0,0,0
6,d_19360901,94.1,79.8,41.8,18.9,4.3,0,0,0,0,0,0
5.8,d_19361001,94.3,79.3,42.1,19.9,4,0,0,0,0,0,0
1.3,d_19361101,98.8,93.9,66.4,46.8,11.7,0,0,0,0,0,0
3.7,d_19361201,96.3,86.8,56.1,30.6,6.6,0,0,0,0,0,0
33.9,d_19370101,65.1,48,21,11.3,4.3,0,1,0.2,0,0,0
38.1,d_19370201,48.8,38.4,19.3,11.4,5.2,0,13,4.5,0.2,0,0
40.5,d_19370301,45.4,30,12.2,6.9,3.6,0,14.1,7.4,0.5,0,0
48.1,d_19370401,9.3,4.7,1.9,0,0,0,42.5,30.5,11.5,3.9,0.7
54.2,d_19370501,23.4,12.2,0.1,0,0,0,22.4,6.4,1.2,0.3,0
45.3,d_19370601,44.4,25.5,9.4,1.8,0,0,10.2,3.1,0.2,0,0
34.7,d_19370701,64.5,45.5,17.4,6.2,0,0,0.7,0,0,0,0
38,d_19370801,59.8,36.5,12,5,2,0,2.2,0.5,0,0,0
24.4,d_19370901,73.8,61.3,23.2,7.2,0.5,0,1.9,0.4,0,0,0
24.1,d_19371001,75.6,60.7,17.7,4.4,0.4,0,0.3,0,0,0,0
14,d_19371101,85.9,73.9,43.2,18.1,4.9,0,0,0,0,0,0
21.2,d_19371201,78.5,65.5,27.9,8.3,2.4,0,0.2,0,0,0,0
18.3,d_19380101,81.4,63.7,25.8,6.5,0.5,0,0.3,0,0,0,0
35.9,d_19380201,63.8,42.3,9.5,1.2,0,0,0.3,0,0,0,0
66.3,d_19380301,27.1,10.1,0.3,0,0,0,6.6,1.5,0,0,0
53.8,d_19380401,5.5,0,0,0,0,0,40.6,16.2,1.6,0,0
22.7,d_19380501,0.5,0,0,0,0,0,76.7,64,39.2,17.5,0.1
1.4,d_19380601,0,0,0,0,0,0,98.6,87.2,55.1,39.5,18.1
5.3,d_19380701,0,0,0,0,0,0,94.6,77.6,49.1,36.7,16
3.8,d_19380801,0,0,0,0,0,0,96.3,91.6,66.4,47,27.4
2.1,d_19380901,0,0,0,0,0,0,98,94.4,88.9,84.2,64.6
4.7,d_19381001,0,0,0,0,0,0,95.3,91.2,77.5,58.5,27.2
8.5,d_19381101,0,0,0,0,0,0,91.4,85.7,69.4,50.2,23.7
11,d_19381201,0,0,0,0,0,0,89,82.4,60.4,36.4,15.7
7.3,d_19390101,0.1,0,0,0,0,0,92.7,85.4,69.1,46.1,17.2
8,d_19390201,2.2,0.7,0,0,0,0,89.9,83.8,60.2,40.6,15.7
12,d_19390301,2.5,1.1,0,0,0,0,85.5,71.3,37.3,15,3.2
17.9,d_19390401,1.4,0,0,0,0,0,80.6,61.8,29.3,10.9,1.1
42.4,d_19390501,0.6,0.2,0,0,0,0,57.1,37.5,2,0,0
25.8,d_19390601,41.5,31.1,11.7,6.8,1.2,0,32.6,27.7,19.8,14.5,9.3
28.2,d_19390701,44.3,34.9,13.3,6.7,1.6,0,27.5,22.5,13.5,9.8,4.2
34.4,d_19390801,41.7,35.3,20.8,9.2,1.5,0,24,18.3,7,3.5,0
45,d_19390901,41.8,37.9,28.3,20.1,5.7,0,13.2,7.2,2.5,0,0
41,d_19391001,52.6,40.6,31.2,23.4,5.6,0,6.4,4,0,0,0
16.1,d_19391101,82.8,67,40.6,36.8,26.7,0,1.2,0,0,0,0
21.4,d_19391201,76.6,56.1,39.2,34.4,24.8,0,2,0.1,0,0,0
19.9,d_19400101,78,56.3,38.9,34.6,26.1,0,2.1,0.2,0,0,0
24.6,d_19400201,74.4,61.7,36.9,29.2,13.8,0,0.9,0,0,0,0
3.2,d_19400301,96.8,92.5,74.9,58.1,27.1,0,0,0,0,0,0
7.4,d_19400401,92.5,83.2,52.7,30,11.6,0,0,0,0,0,0
2,d_19400501,98,92.5,45.4,27.1,12.4,0,0,0,0,0,0
36.3,d_19400601,50.2,31.7,11.1,3.4,0,0,13.5,3.6,0.4,0,0
30.6,d_19400701,57.4,43,14,4.9,0,0,12,5,0,0,0
30.3,d_19400801,14.7,3.8,0,0,0,0,55.1,38.5,15.4,4.9,2.3
44.1,d_19400901,28.6,19.8,6.5,1.3,0,0,27.3,13.9,3,1.7,0
52.3,d_19401001,25.1,14.3,3.5,0.3,0,0,22.6,10,2.5,1.2,0
48.8,d_19401101,12.4,3.8,0,0,0,0,38.9,19.1,5.4,2.4,0.6
42.4,d_19401201,10.7,4.2,0,0,0,0,46.9,26.9,8.5,2.9,1.3
31.7,d_19410101,11.4,5.1,0,0,0,0,56.8,36.7,11.1,4.5,1.7
36.1,d_19410201,12.7,5.1,0,0,0,0,51.2,33.4,12.7,5,2.2
53.9,d_19410301,28.1,15.1,3,1,0,0,18.1,9.2,1,0.2,0
62.4,d_19410401,18.8,7.7,1.9,0.3,0,0,18.9,8.7,0.1,0,0
56.3,d_19410501,42.1,22,1.9,0.1,0,0,1.8,0,0,0,0
54.9,d_19410601,27.7,17.7,1.4,0,0,0,17.4,4.9,0.2,0,0
62.5,d_19410701,33.9,17.7,6.8,2,0,0,3.6,1.2,0,0,0
25.7,d_19410801,51.7,32.9,12.4,4.7,1.8,0,22.7,13.5,0.9,0,0
47.9,d_19410901,14.9,5.2,0.3,0,0,0,37.1,23.6,11.5,0.7,0
42.8,d_19411001,1.8,0,0,0,0,0,55.4,42.3,21.5,10,0
45.6,d_19411101,1,0,0,0,0,0,53.5,40.4,16.7,4.3,0
37.3,d_19411201,0,0,0,0,0,0,62.7,45,19.4,6.7,0.1
33.8,d_19420101,0,0,0,0,0,0,66.2,44.5,19.2,6.5,0
53.9,d_19420201,0.3,0,0,0,0,0,45.8,36.5,15.3,4.7,0.1
36.7,d_19420301,0.2,0,0,0,0,0,63.2,52,39.9,28.7,11.8
31.8,d_19420401,0,0,0,0,0,0,68.3,58.8,45.4,36.5,19.6
3.5,d_19420501,0,0,0,0,0,0,96.4,88.6,68.2,52,18.6
21.8,d_19420601,3.7,0.6,0,0,0,0,74.5,64.8,39,29.5,15.3
29.3,d_19420701,13.6,7.2,0.3,0,0,0,57.2,41,17.5,8.6,0.6
43.1,d_19420801,11.1,4.4,0,0,0,0,45.7,30.2,8.7,1.9,0
25,d_19420901,3.2,0,0,0,0,0,71.9,54.8,32.6,18.9,6.6
29.3,d_19421001,3.5,0.4,0,0,0,0,67.3,53.3,29.1,15.6,4.7
27.6,d_19421101,0.1,0,0,0,0,0,72.3,56.1,29.9,15.8,4
27.3,d_19421201,0,0,0,0,0,0,72.8,58.2,22.2,10.6,1.1
13.9,d_19430101,0,0,0,0,0,0,86.1,74.4,43.7,20.8,4.6
29,d_19430201,7.2,1.5,0,0,0,0,63.7,40.2,5.6,0,0
34.5,d_19430301,2.8,0.1,0,0,0,0,62.7,35.6,3.9,0,0
53.7,d_19430401,10.3,4.5,0,0,0,0,35.9,15.7,1.8,0,0
28,d_19430501,2.1,0,0,0,0,0,69.9,51.9,18.9,6.6,2.2
41.9,d_19430601,2.5,0,0,0,0,0,55.6,36.3,13.4,5.6,1.7
57.8,d_19430701,2.2,0.3,0,0,0,0,40,26.1,7.9,3.4,1.2
44.6,d_19430801,1.5,0,0,0,0,0,53.9,31.7,11.2,4.8,1.3
59.7,d_19430901,19.8,6.4,0,0,0,0,20.5,9.9,1.9,0.6,0
60,d_19431001,27.6,15.5,1.4,0,0,0,12.3,4.9,0.4,0,0
57.2,d_19431101,23.8,12.1,0.5,0,0,0,19,7,1,0,0
55.4,d_19431201,37.1,21.7,6.7,1.6,0,0,7.5,2.3,0,0,0
59.4,d_19440101,26.8,14.7,3.3,0,0,0,13.8,5.2,0,0,0
57,d_19440201,37,17.7,3.4,0,0,0,6.1,1.7,0,0,0
22,d_19440301,75.9,50.1,8.1,1.5,0,0,2,1,0,0,0
34.2,d_19440401,62.5,39.9,8.4,2,0,0,3.5,1.3,0,0,0
34.5,d_19440501,65.5,45.8,17.7,8.7,0,0,0,0,0,0,0
57.1,d_19440601,10.4,3,0.4,0,0,0,32.6,23,8.8,2.3,0.1
57.3,d_19440701,19,5.5,0.3,0,0,0,23.7,14,1,0.4,0
52.9,d_19440801,25.8,14.5,1.8,0.4,0,0,21.2,11.3,2,0.7,0
64.1,d_19440901,15.3,6.3,0.7,0.1,0,0,20.5,9.8,1.6,0.4,0
48.6,d_19441001,41.9,17.1,2.6,0.4,0,0,9.5,3.5,0.2,0,0
56.6,d_19441101,33.8,17.3,3.3,0.5,0,0,9.6,3.9,0.3,0,0
50.7,d_19441201,43.4,24.4,5.8,1.6,0,0,6,1.9,0.1,0,0
50.8,d_19450101,43.2,26,8.2,3.6,0.3,0,6,2.5,0.5,0,0
61.3,d_19450201,35.1,21.9,6.9,1.9,0,0,3.7,1.7,0,0,0
23.6,d_19450301,76.2,53.4,12.3,3.1,0.3,0,0.2,0,0,0,0
72.6,d_19450401,22.1,9.4,2.4,0.7,0,0,5.3,1.6,0,0,0
83.4,d_19450501,5.4,1.4,0,0,0,0,11.1,0.4,0,0,0
65.4,d_19450601,2.2,1.1,0,0,0,0,32.5,12.7,0,0,0
26.7,d_19450701,1.6,0.5,0,0,0,0,71.7,47.8,11.2,3.2,0
25.2,d_19450801,0,0,0,0,0,0,74.8,50.2,20.1,5.6,0.8
18.1,d_19450901,0,0,0,0,0,0,81.9,50.4,10.6,3.8,0
45.4,d_19451001,0,0,0,0,0,0,54.5,25.6,2.8,0,0
24,d_19451101,0,0,0,0,0,0,76,32,1.2,0,0
26.1,d_19451201,0,0,0,0,0,0,73.9,31.4,0.8,0,0
35.8,d_19460101,0,0,0,0,0,0,64.2,26.9,0.9,0,0
49.5,d_19460201,0.1,0,0,0,0,0,50.4,15.6,1,0,0
64.9,d_19460301,0.1,0,0,0,0,0,35.1,12,0,0,0
69.4,d_19460401,17.3,5.5,0,0,0,0,13.4,2.7,0.1,0,0
53,d_19460501,44.7,28.1,17.8,7,0.6,0,2.3,0.2,0,0,0
52,d_19460601,12.7,3.8,0,0,0,0,35.3,24.6,2.3,0.3,0
47.7,d_19460701,21.7,10.2,0.9,0,0,0,30.7,19.8,0.4,0,0
34.6,d_19460801,65.3,49,17.5,2.3,0,0,0.1,0,0,0,0
57.4,d_19460901,41.2,28,12.1,4.5,0.9,0,1.5,0,0,0,0
53.7,d_19461001,43.1,30.2,20.9,13.7,3.7,0,3.2,0.4,0,0,0
61.7,d_19461101,33.8,25,14.9,8,0.6,0,4.4,0.8,0,0,0
57.2,d_19461201,35.6,26.5,15.6,7.8,1.7,0,7.1,1.8,0,0,0
61.4,d_19470101,21.6,12.8,2.6,0.1,0,0,17,5.9,0.5,0,0
56.7,d_19470201,23.8,15.9,6.1,0.8,0,0,19.4,11,2.1,0,0
25.9,d_19470301,72.5,35.2,13.5,7.8,0.4,0,1.7,0.5,0,0,0
72.2,d_19470401,14.4,6.3,0.3,0,0,0,13.4,4.5,1.4,0.4,0
43.2,d_19470501,0.6,0,0,0,0,0,56.3,23.8,0.6,0,0
57,d_19470601,4.8,0,0,0,0,0,38.3,23.5,5.4,0.5,0
17.1,d_19470701,49.6,32.5,6.1,1.5,0,0,33.2,25,5.8,0.4,0
35.7,d_19470801,39.7,20.6,3,0.8,0,0,24.5,12.2,0,0,0
35.4,d_19470901,40.4,26.3,4.6,1.7,0,0,24.3,11.8,0.1,0,0
39.2,d_19471001,46.3,32.2,5.3,2.7,0,0,14.5,5.3,0,0,0
39.3,d_19471101,37.3,22.9,1.9,0,0,0,23.4,11.8,0,0,0
43.6,d_19471201,31,15.5,1.1,0,0,0,25.5,13.7,0,0,0
39.8,d_19480101,48.9,33.9,13,2.8,0,0,11.3,1.3,0,0,0
41.9,d_19480201,45.7,32.7,9.5,2,0,0,12.3,3.7,0,0,0
48.3,d_19480301,47.3,26.7,6.1,2.7,0.7,0,4.5,0,0,0,0
73.6,d_19480401,23.9,7.9,0.4,0,0,0,2.4,0,0,0,0
20.8,d_19480501,68.3,57.9,34.7,16.1,3.8,0,11,2.4,0,0,0
22.2,d_19480601,76.4,73,51.9,34.3,12.5,0,1.2,0,0,0,0
20.5,d_19480701,78.7,67.1,34.1,16.7,4.5,0,0.8,0,0,0,0
6.8,d_19480801,92.9,86.1,60.7,39.9,20.3,0,0.2,0,0,0,0
2.6,d_19480901,97.5,94.5,77.7,56.3,28.1,0,0,0,0,0,0
2.6,d_19481001,97.3,92.9,80.3,64.9,34,0,0,0,0,0,0
2.4,d_19481101,97.6,89.7,61.5,42.7,23.4,0,0,0,0,0,0
0.8,d_19481201,99.2,94.1,65,40.4,19.7,0,0,0,0,0,0
2.7,d_19490101,97.2,83,50,35.1,14.7,0,0,0,0,0,0
8.3,d_19490201,91.6,72,38.6,23.8,4.7,0,0,0,0,0,0
30.9,d_19490301,69.1,44.8,17.3,5.8,0,0,0,0,0,0,0
12.9,d_19490401,87.1,67.2,23.2,11.3,4.2,0,0,0,0,0,0
12.7,d_19490501,87.3,61.3,14.4,5.8,0.4,0,0,0,0,0,0
67,d_19490601,24.5,10,0,0,0,0,8.5,2.5,0,0,0
38.2,d_19490701,0.1,0,0,0,0,0,61.8,40.3,16.8,4.2,0
58.7,d_19490801,20.3,6.9,0.1,0,0,0,20.9,11.6,0.1,0,0
38.6,d_19490901,49.3,30.1,6.2,0.9,0,0,12.1,2.6,0,0,0
30,d_19491001,61.5,46.8,20.1,7.1,0.2,0,8.6,2.3,0,0,0
25.7,d_19491101,62,49.7,26.2,11.9,0.6,0,12.3,4.2,0,0,0
26,d_19491201,66.3,55.7,31.3,18.3,5.5,0,7.7,2.5,0,0,0
29.3,d_19500101,48.4,33.4,13.7,5.8,0.5,0,22.4,18,5.5,0.9,0
44.3,d_19500201,30.9,16.7,3.4,0.9,0,0,24.7,15.3,2.6,0.6,0
33.6,d_19500301,41.4,22.6,8.5,4,0.1,0,24.9,15.9,3.9,0.1,0
37.4,d_19500401,55.5,37.3,13.2,6.6,0.6,0,7.1,3.7,0,0,0
34.3,d_19500501,47.6,31,9.5,4,0.2,0,18.2,10.7,3.8,2.2,0.5
47.9,d_19500601,25.5,12.5,0.4,0,0,0,26.7,10,3,2,0.3
43.6,d_19500701,0.7,0,0,0,0,0,55.7,38.5,17.2,5.3,1.1
58,d_19500801,0.9,0,0,0,0,0,41.1,29.3,14.3,7.9,1.5
53.2,d_19500901,20.1,3.1,0,0,0,0,26.7,17.5,4,1.5,0
33.2,d_19501001,54.4,33.3,1,0,0,0,12.3,3.8,0.5,0,0
36.8,d_19501101,56.1,37.2,4.9,0.1,0,0,7.2,2.4,0,0,0
36.5,d_19501201,53.8,34.9,2.7,0,0,0,9.8,3,0,0,0
27.1,d_19510101,64.7,50.4,11.5,0.7,0,0,8.1,2.4,0.1,0,0
33.3,d_19510201,53.1,34.8,1,0.3,0,0,13.7,4.9,0.9,0,0
66.7,d_19510301,13.1,1.3,0,0,0,0,20.3,8.2,0.1,0,0
71,d_19510401,20.6,5.9,0,0,0,0,8.5,1.3,0,0,0
66.1,d_19510501,14.7,2.4,0,0,0,0,19.1,7,3,1.8,0.5
43.7,d_19510601,4.4,0.2,0,0,0,0,51.8,36.5,22.8,16.2,7.8
13.3,d_19510701,0,0,0,0,0,0,86.7,73.6,39.8,25,12.5
2.6,d_19510801,0,0,0,0,0,0,97.3,85.5,54.4,35.5,21.6
18.7,d_19510901,0,0,0,0,0,0,81.2,63.2,40.7,29.1,17.8
1.3,d_19511001,0,0,0,0,0,0,98.7,92.5,50.2,34.7,18.9
2.4,d_19511101,0,0,0,0,0,0,97.6,81.7,41.7,30.1,11.1
22.7,d_19511201,0,0,0,0,0,0,77.3,51.6,30.5,20.9,6.7
34.3,d_19520101,0,0,0,0,0,0,65.7,46.2,27.9,21.7,7.3
23.1,d_19520201,0,0,0,0,0,0,77,50.9,26.8,16.6,6.4
12.4,d_19520301,0,0,0,0,0,0,87.7,60,19.1,8.5,0.9
50.9,d_19520401,0.6,0,0,0,0,0,48.6,28.6,7.6,3.6,0.2
73.6,d_19520501,2.9,0.4,0,0,0,0,23.4,4.4,0,0,0
60.6,d_19520601,2.5,0.1,0,0,0,0,36.9,20.7,1.1,0,0
47.6,d_19520701,5.8,2.3,0.1,0,0,0,46.6,33.6,10.1,4.1,0
35.9,d_19520801,3.6,1.1,0.2,0,0,0,60.6,43.9,17.1,6.1,0.4
59.5,d_19520901,19.8,11.3,1.8,0.5,0,0,20.6,9.5,0.8,0,0
38.9,d_19521001,57.2,37.4,16.4,8.7,2,0,4,0.8,0,0,0
39.1,d_19521101,53.1,33.2,12.4,5,1,0,7.7,1.1,0,0,0
37.4,d_19521201,60.3,39.9,13.1,5.1,0.9,0,2.3,0,0,0,0
43.4,d_19530101,49.7,31,5.8,1.7,0.2,0,6.9,1,0,0,0
52.3,d_19530201,30.3,12.9,1.1,0.2,0,0,17.3,5.8,0.3,0,0
59.3,d_19530301,32.4,12.8,2.7,0.1,0,0,8.3,0.9,0,0,0
40.2,d_19530401,59.8,30.8,3.6,0.6,0,0,0,0,0,0,0
8.9,d_19530501,91,71,32.6,16.6,4.8,0,0,0,0,0,0
60.5,d_19530601,23.5,8.9,0.4,0,0,0,16,10.3,4.7,2.7,0.1
48.4,d_19530701,0.7,0.3,0,0,0,0,50.9,36.1,15.2,7.7,3.1
48.6,d_19530801,4,0.2,0,0,0,0,47.3,32.6,18.2,14.2,8.5
55.4,d_19530901,21.9,8.6,0.1,0,0,0,22.6,17.6,11.9,6.9,2.7
34.5,d_19531001,50,23.8,2.4,0.1,0,0,15.5,12.1,3.8,1.9,0.4
22,d_19531101,63.5,48.1,28,14,1.6,0,14.7,10.9,3.2,1.9,0.6
26,d_19531201,58.7,45.1,22.1,6.6,0,0,15.4,12.1,4.4,2.1,0.8
14.4,d_19540101,71.4,58.4,36.4,22.4,11.1,0,14.2,11.1,3.9,2.1,0.6
20.9,d_19540201,70.4,57.6,28.9,16.4,6.4,0,8.8,4.7,1,0,0
17,d_19540301,81.6,71,37.5,22.9,11.2,0,1.4,0.3,0,0,0
18.6,d_19540401,66.2,58,19.5,2.2,0,0,15.3,9,1.6,0.8,0
17.6,d_19540501,65.5,55.7,20.4,8.5,0.4,0,16.9,6,0,0,0
48.8,d_19540601,7.4,3.1,0.3,0,0,0,43.6,31.5,22.7,14.3,1.3
20.1,d_19540701,1,0,0,0,0,0,79,54.1,32.6,25.6,13
25.9,d_19540801,0.2,0,0,0,0,0,73.9,55.7,27.1,13.5,2.5
13.9,d_19540901,0,0,0,0,0,0,86.1,68.9,29.9,11.4,0.5
0.9,d_19541001,0,0,0,0,0,0,99,91.9,52.5,28.6,3.2
3.4,d_19541101,0,0,0,0,0,0,96.5,80.5,38.8,18.4,1.3
6.9,d_19541201,0,0,0,0,0,0,93.1,74.2,33.5,13.8,0.9
45.2,d_19550101,0.1,0,0,0,0,0,54.7,30.4,5.8,1.5,0.5
45.5,d_19550201,1,0.3,0,0,0,0,53.5,30.2,8.7,3.6,0.2
71.5,d_19550301,10.4,3.3,0.1,0,0,0,18.1,6.1,0.4,0,0
69.7,d_19550401,9.5,3.9,0,0,0,0,20.7,4.7,0,0,0
55.3,d_19550501,8.9,2.9,0.1,0,0,0,35.8,13.4,3.1,0.7,0
58.7,d_19550601,35.3,22.2,9.5,2.9,0.7,0,6,1.7,0,0,0
37.2,d_19550701,55.3,33.2,8,3.1,0.1,0,7.6,3.4,0.2,0,0
39.7,d_19550801,46.8,32.5,4.9,1.4,0.1,0,13.5,8.6,0.6,0,0
23.6,d_19550901,66.9,52.7,26.9,8.2,0.7,0,9.5,6.6,1.3,0.2,0
38.3,d_19551001,50.5,25,3.6,0.1,0,0,11.2,7.2,1.8,0.6,0
29.1,d_19551101,59.8,45.2,9.7,3.7,0,0,11.2,8.2,2.4,0.9,0
31.1,d_19551201,57.3,41.5,8.2,3.1,0,0,11.5,8.5,2.1,0.8,0
25.3,d_19560101,63.6,52.4,25.7,10.7,3.6,0,11.2,8.4,2.5,1,0.1
14.4,d_19560201,74.5,61.8,39.3,14.6,4.9,0,11.2,8.4,2.9,0.8,0
25.7,d_19560301,61.4,52.1,27.7,14,6.2,0,12.8,9.6,4.4,1,0
10.8,d_19560401,88.3,80.9,52,25.7,5.1,0,0.9,0.2,0,0,0
8.9,d_19560501,90.6,70.2,31.4,16.1,1.4,0,0.4,0,0,0,0
50.9,d_19560601,48.7,25.1,4.5,0.9,0.1,0,0.5,0,0,0,0
34.9,d_19560701,62.8,34.5,8.7,2.2,0.2,0,2.3,0,0,0,0
61.5,d_19560801,23,10.6,2,0.2,0,0,15.6,5.9,2,0.9,0
35.8,d_19560901,60.1,33.8,7.1,2.4,0,0,4,2.3,0.7,0,0
29.2,d_19561001,68.1,44.8,9.1,1.8,0,0,2.7,1.5,0,0,0
44.3,d_19561101,51.3,21.6,4.1,0.5,0,0,4.4,2.2,0.2,0,0
37,d_19561201,60.6,38,6,0.8,0,0,2.4,1.3,0,0,0
33.9,d_19570101,63.7,40.5,8.4,2.5,0.1,0,2.4,1.1,0,0,0
24.5,d_19570201,75.4,55.5,18.9,4.6,0.5,0,0,0,0,0,0
11,d_19570301,89,70.4,34.4,17.2,3.2,0,0,0,0,0,0
2.2,d_19570401,97.9,90.9,56.3,38.2,17.3,0,0,0,0,0,0
0,d_19570501,100,96.6,61.1,43.4,25,0,0,0,0,0,0
19.3,d_19570601,78.8,63.1,35.3,19.5,3.3,0,1.8,0.8,0,0,0
44,d_19570701,52,34.5,8.9,3.5,0.4,0,4.1,1.1,0,0,0
36,d_19570801,58,38.2,7,1.2,0,0,5.9,3.2,0.2,0,0
31.9,d_19570901,63.5,41.5,10.1,2.6,0.1,0,4.4,2.2,0.2,0,0
33.8,d_19571001,62.7,40.8,7.6,1.5,0,0,3.5,1.2,0,0,0
59.2,d_19571101,36.2,12.7,0.1,0,0,0,4.7,2.1,0.1,0,0
69.1,d_19571201,24.3,6.9,0,0,0,0,6.6,1.7,0,0,0
65.1,d_19580101,28.2,7.5,0,0,0,0,6.7,3.1,0.2,0,0
37.8,d_19580201,58.3,38.6,6.6,1.2,0,0,3.9,1.5,0,0,0
18.3,d_19580301,81.6,61.8,20.8,8.2,1.8,0,0,0,0,0,0
13,d_19580401,87.1,74.3,31.9,13.4,2.7,0,0,0,0,0,0
1,d_19580501,99,96.9,83.8,56.2,25.2,0,0,0,0,0,0
1.4,d_19580601,98.6,95.5,77.2,57,23.1,0,0,0,0,0,0
28.4,d_19580701,71.4,59.4,49.5,41.5,17.9,0,0.2,0,0,0,0
21.7,d_19580801,78,65.4,55.2,49.2,37.6,0,0.3,0,0,0,0
27.6,d_19580901,71.7,62.7,52,46,36.7,0,0.7,0,0,0,0
32,d_19581001,67.8,57.6,47.1,38.1,23.6,0,0.1,0,0,0,0
38.6,d_19581101,59.7,53.9,38,26.6,12.5,0,1.8,0,0,0,0
38.1,d_19581201,58.1,51.9,33.4,20.8,8.7,0,3.7,0,0,0,0
29.7,d_19590101,65.7,55,34.1,22.6,10.3,0,4.6,0,0,0,0
36.3,d_19590201,53.2,38.2,16.9,6.9,0.1,0,10.6,2.6,0,0,0
55.2,d_19590301,37.5,24.1,7.5,3.7,0.2,0,7.4,0.8,0,0,0
41,d_19590401,56.2,39.4,22.9,16.1,11.7,0,2.8,0,0,0,0
45.8,d_19590501,47.3,29.2,11.6,4.7,0.5,0,6.9,0.2,0,0,0
28.8,d_19590601,65.1,55.1,23,10.3,1.8,0,6.2,3.8,0.1,0,0
33.7,d_19590701,59.6,47.2,10.3,2.5,0.3,0,6.8,1.7,0,0,0
61.2,d_19590801,8.1,2,0,0,0,0,30.6,17.8,4.8,0.3,0
26.6,d_19590901,1.8,0,0,0,0,0,71.6,51.2,16.4,8.5,1.2
14.5,d_19591001,0.1,0,0,0,0,0,85.5,75.2,38.6,20.5,4.2
16.8,d_19591101,0.5,0,0,0,0,0,82.7,66.2,29.8,13.4,1.7
11.1,d_19591201,0,0,0,0,0,0,88.8,78.1,36.5,15,4
6.2,d_19600101,0,0,0,0,0,0,93.7,85.2,52,28.4,8.1
13.2,d_19600201,0.2,0,0,0,0,0,86.5,72.9,42.1,25.2,8.2
12.1,d_19600301,0.5,0,0,0,0,0,87.4,78.3,42.7,24.4,11.3
7,d_19600401,0,0,0,0,0,0,93,86.3,61.1,43.6,24.1
14.3,d_19600501,0,0,0,0,0,0,85.7,73.5,61.3,44.8,17.4
29.2,d_19600601,1.4,0,0,0,0,0,69.3,62.8,45.9,32.9,8.2
29.9,d_19600701,17.5,8.3,0.6,0,0,0,52.6,41.5,17.5,6.2,1.4
19.5,d_19600801,3.2,0.1,0,0,0,0,77.4,67.5,40.1,19.4,6.9
24,d_19600901,5.1,1.7,0,0,0,0,70.9,55.3,22,9.6,1
29.2,d_19601001,6,1.7,0,0,0,0,64.7,48,18.5,6.4,0.4
25,d_19601101,3.3,0.3,0,0,0,0,71.7,54.3,15.7,4.5,0.1
25.1,d_19601201,0.9,0,0,0,0,0,74,57.6,14.3,2.4,0.1
44.3,d_19610101,4.1,0.2,0,0,0,0,51.7,26.3,1.6,0.1,0
64.6,d_19610201,18,8,0,0,0,0,17.3,1.8,0,0,0
51.3,d_19610301,8.2,2.9,0,0,0,0,40.5,15.3,1.5,0,0
56.4,d_19610401,4.4,1.9,0,0,0,0,39.3,12.7,0,0,0
57.7,d_19610501,37.8,12.1,3,1.6,0,0,4.5,1.9,0,0,0
21.8,d_19610601,78.3,52.3,14.5,2.9,0,0,0,0,0,0,0
30.2,d_19610701,69,43.4,12.8,2.2,0,0,0.8,0.1,0,0,0
14.5,d_19610801,85.3,66.1,28.8,10.5,1.8,0,0.3,0,0,0,0
59.6,d_19610901,33.5,17.3,3.3,1.3,0,0,7,1.7,0.1,0,0
47.8,d_19611001,16.8,5.8,1,0,0,0,35.3,14.7,1.4,0.1,0
41.4,d_19611101,15.8,5.6,0.4,0,0,0,42.8,30.2,6.2,1.2,0
48.8,d_19611201,22.1,8.8,0.6,0,0,0,29.2,12.8,0.9,0,0
42.1,d_19620101,24,12.6,1.1,0,0,0,34,20.7,3.4,0.2,0
26,d_19620201,21.3,12.2,6.9,1,0,0,52.6,41.3,21.4,8,1.8
32.7,d_19620301,13.5,7.5,0,0,0,0,53.8,43.7,22.7,13.4,3.6
36.2,d_19620401,18.1,7.5,0.8,0,0,0,45.7,34.4,15.8,7,2.3
21.5,d_19620501,0,0,0,0,0,0,78.5,50.7,21,13.4,7
61,d_19620601,5.4,2.6,0.2,0,0,0,33.7,16.5,1.8,0,0
65.3,d_19620701,20,8.4,1.5,0.4,0,0,14.6,6.2,1.9,1.3,0
54.6,d_19620801,18.8,11.6,3.5,1.4,0,0,26.7,13.5,2,0.1,0
47.4,d_19620901,25.7,19,7.1,2.5,0,0,26.8,11.3,1.1,0,0
55.1,d_19621001,21.5,15.4,9.1,3.1,0,0,23.4,6.8,0.4,0,0
57.5,d_19621101,38.3,25.7,15.6,10.9,4.6,0,4.1,1.2,0,0,0
59.2,d_19621201,38.2,26,16.5,12.1,5.8,0,2.6,0.8,0,0,0
59.6,d_19630101,36.9,25.5,15.6,11,3.5,0,3.4,1.2,0,0,0
30.9,d_19630201,69,42,19.8,14,7.3,0,0,0,0,0,0
47.3,d_19630301,51.8,30.1,14.4,6.5,0,0,0.9,0.1,0,0,0
40.5,d_19630401,58.7,44.4,22.7,14.6,7.6,0,0.8,0,0,0,0
1,d_19630501,99.1,89.5,45.5,30.3,12.8,0,0,0,0,0,0
0,d_19630601,100,98.3,80.9,58,24.8,0,0,0,0,0,0
0,d_19630701,100,98.3,82.1,59.4,29.7,0,0,0,0,0,0
2.1,d_19630801,97.8,87.8,56.3,37,11,0,0,0,0,0,0
11.7,d_19630901,88.3,71.2,43.6,21.6,5,0,0,0,0,0,0
9.6,d_19631001,90.3,74.9,49.2,29,8.9,0,0,0,0,0,0
11.7,d_19631101,88.3,72.3,44.8,25.1,4.4,0,0,0,0,0,0
4.2,d_19631201,95.8,81.8,52.5,30.7,11.6,0,0,0,0,0,0
1.9,d_19640101,98.2,84.4,49.2,28.8,10,0,0,0,0,0,0
0.2,d_19640201,99.7,94,63.9,43.6,13,0,0,0,0,0,0
1.7,d_19640301,98.3,91.9,58.9,31.6,4.1,0,0,0,0,0,0
6,d_19640401,94.1,72.1,31.5,7.5,0.7,0,0,0,0,0,0
36,d_19640501,62,39.4,5.3,0.4,0,0,1.9,0.9,0,0,0
10.7,d_19640601,88.5,76.4,52.4,36.1,16.1,0,0.8,0.1,0,0,0
33.3,d_19640701,65.9,49,27.9,17.9,11.8,0,0.8,0,0,0,0
39.8,d_19640801,54.2,41.2,19.9,15.3,9.5,0,5.8,1.3,0,0,0
48.7,d_19640901,31.6,19.2,3.8,0,0,0,19.7,9.4,0.2,0,0
46.1,d_19641001,48.4,31.3,9.7,1.1,0,0,5.6,0.1,0,0,0
53.1,d_19641101,34.5,25,3.2,0,0,0,12.4,2.2,0,0,0
45.6,d_19641201,37.6,26.5,2.2,0,0,0,16.7,5.1,0,0,0
53.3,d_19650101,42.9,32,7.7,0.3,0,0,3.7,0.3,0,0,0
46.5,d_19650201,52.4,38.9,19.6,8.5,0.9,0,1.1,0,0,0,0
49.7,d_19650301,26.3,16.1,4.3,0.6,0,0,23.9,5.5,0,0,0
41.2,d_19650401,17,7.7,0.4,0,0,0,41.9,26.7,4,0.8,0
24.6,d_19650501,17.2,7.8,0.8,0,0,0,58.3,45.3,13.2,4.1,0.1
43.4,d_19650601,41.1,27.4,8.8,2.9,0,0,15.6,6.8,1,0,0
39.1,d_19650701,16,5.5,0.1,0,0,0,45,28.8,9.1,2.2,0.2
57.9,d_19650801,2.7,0.5,0,0,0,0,39.3,18.2,2.9,0.8,0
6.3,d_19650901,0,0,0,0,0,0,93.7,78,42.3,19.8,4.2
16.2,d_19651001,0,0,0,0,0,0,83.8,65.3,27.9,11.7,2.3
6.7,d_19651101,0,0,0,0,0,0,93.2,76.6,33,13.9,3
2.8,d_19651201,0,0,0,0,0,0,97.1,83.8,38.7,18.7,4
5.9,d_19660101,0,0,0,0,0,0,94.1,74.8,27.3,10.9,2.4
22.1,d_19660201,0.4,0,0,0,0,0,77.5,60.1,33.6,17.4,6.7
3.4,d_19660301,0,0,0,0,0,0,96.4,88,58.3,46.1,28.5
14.4,d_19660401,0,0,0,0,0,0,85.7,77.4,54.3,44.7,25.8
26.4,d_19660501,1.2,0,0,0,0,0,72.4,56.6,33.7,18.8,5.7
68.9,d_19660601,30.3,11.2,0.1,0,0,0,0.8,0,0,0,0
74.8,d_19660701,18.4,5.7,0,0,0,0,6.7,1.9,0,0,0
66.7,d_19660801,22.7,5.3,0,0,0,0,10.7,4.6,0.7,0,0
20.4,d_19660901,78.2,62.1,20.3,7.1,1.3,0,1.5,0,0,0,0
24,d_19661001,73.1,51.8,25.7,10.7,3.1,0,3,0.3,0,0,0
19.4,d_19661101,78,61.9,34.5,23.5,8.4,0,2.5,0,0,0,0
15.3,d_19661201,84.6,72.8,43.5,28.4,15.3,0,0.1,0,0,0,0
35.1,d_19670101,59.2,43.1,22.2,10.7,2.3,0,5.8,1.3,0,0,0
38.1,d_19670201,42.9,30.9,9.4,3.2,0.4,0,18.9,9.9,1.3,0,0
38.8,d_19670301,39.1,23.7,3.9,0.7,0,0,22.1,13.6,2.2,0,0
26.7,d_19670401,36.4,26.5,8.3,4.1,1.4,0,36.8,24.3,11.7,6.9,1.5
41.3,d_19670501,48.8,38.7,15.2,4.6,1.1,0,10,2.5,0,0,0
29,d_19670601,2.8,1.3,0.5,0.1,0,0,68.1,58.1,35.2,14.4,1
40.4,d_19670701,7,2.6,1.1,0.3,0,0,52.5,33.3,5.9,0.8,0.1
36.1,d_19670801,6,2.5,0.5,0,0,0,57.9,45.8,12.2,3.6,0.2
44.3,d_19670901,22.5,13.6,2.8,0.3,0,0,33.1,13.3,0.6,0.2,0
67.8,d_19671001,15.9,5.8,0.3,0,0,0,16.4,7.6,1.2,0.1,0
64.3,d_19671101,25.8,11.7,0.9,0,0,0,9.9,3,0.1,0,0
67.5,d_19671201,23,10.9,1.4,0,0,0,9.5,2.8,0.1,0,0
58,d_19680101,37.4,16.8,3.6,0.1,0,0,4.6,0.5,0,0,0
68.2,d_19680201,27.4,13.7,2.1,0,0,0,4.3,0.7,0,0,0
6.3,d_19680301,93.8,82.3,43,22.4,8.5,0,0,0,0,0,0
51.2,d_19680401,45.8,25,5.4,1.7,0.2,0,3,0,0,0,0
75.4,d_19680501,21.7,9,1,0,0,0,2.8,0,0,0,0
7.9,d_19680601,0,0,0,0,0,0,92,76.4,43.9,28.6,6.1
25.9,d_19680701,0.3,0,0,0,0,0,73.8,59.5,35.3,21.9,8.8
30.4,d_19680801,0.5,0,0,0,0,0,69,55.3,26.1,15,4
20.5,d_19680901,0.4,0,0,0,0,0,79,70.8,52.7,36.6,14
25.7,d_19681001,1,0.2,0,0,0,0,73.2,66.2,53,39.8,17.8
25.4,d_19681101,1.3,0.2,0,0,0,0,73.2,63.9,50.3,35,14.5
7.9,d_19681201,0,0,0,0,0,0,92.2,83.1,62.3,52.5,30.4
7.9,d_19690101,0,0,0,0,0,0,92.1,83.1,63.1,53.7,36.2
11.1,d_19690201,0.3,0,0,0,0,0,88.6,76.9,54,42.1,21.7
41.3,d_19690301,7.8,3.1,0,0,0,0,50.8,35.6,14.7,4.7,0.5
57.7,d_19690401,5.2,1.3,0,0,0,0,37,19.8,4.5,1.4,0
42.7,d_19690501,3,0.6,0,0,0,0,54.3,35.4,7.4,2,0
50.5,d_19690601,0.8,0,0,0,0,0,48.8,23.3,3.6,0.4,0
41.6,d_19690701,10.5,4.6,0,0,0,0,47.8,30.9,6.6,0.9,0
65.3,d_19690801,15.3,7.8,2.2,0.1,0,0,19.4,8.1,0.3,0,0
34.8,d_19690901,64.6,37.3,15,8.8,3.2,0,0.7,0,0,0,0
36.3,d_19691001,63,41.9,20,10.4,4.2,0,0.8,0,0,0,0
33.6,d_19691101,65.3,40.8,17.5,8.1,3.2,0,1.2,0,0,0,0
51,d_19691201,45.8,25.8,6.5,1.8,0,0,3.2,0,0,0,0
50.7,d_19700101,47.6,24.5,5.8,2.8,0.6,0,1.8,0,0,0,0
40.3,d_19700201,58.7,30.6,4.9,1.8,0.1,0,1,0,0,0,0
10.5,d_19700301,89.5,79.9,48.5,25.5,9.8,0,0,0,0,0,0
6.5,d_19700401,93.6,91,78.3,53.9,26.2,0,0,0,0,0,0
66.7,d_19700501,28.4,12.4,3.4,0.9,0,0,5,0.8,0,0,0
64.8,d_19700601,31.7,16.4,3.9,1.8,0.1,0,3.7,0.9,0,0,0
45.7,d_19700701,51.5,33.4,15.7,8.1,3.5,0,2.9,1.1,0,0,0
27.8,d_19700801,71.3,52.6,23.3,11.5,3.2,0,0.9,0.2,0,0,0
62.3,d_19700901,33.9,8.7,0.3,0,0,0,3.8,1.4,0,0,0
76,d_19701001,3.5,0,0,0,0,0,20.5,10.2,0.7,0,0
57.5,d_19701101,0.1,0,0,0,0,0,42.2,22.4,5.6,1.1,0
48.5,d_19701201,0,0,0,0,0,0,51.6,27.2,4.9,0.8,0
15.3,d_19710101,0,0,0,0,0,0,84.7,61.3,15.9,2.2,0.3
25.7,d_19710201,0,0,0,0,0,0,74.3,52.1,7.4,1,0
8.9,d_19710301,0,0,0,0,0,0,91,71.2,24.1,3.4,0.1
21.3,d_19710401,0,0,0,0,0,0,78.8,50.3,8,0.1,0
2,d_19710501,0,0,0,0,0,0,97.9,87.5,49.4,20.9,1.7
41,d_19710601,7.1,2.2,0,0,0,0,52,41.6,21.5,5.9,0
54,d_19710701,15.9,6,0,0,0,0,30.1,11.5,0.1,0,0
63.9,d_19710801,27.6,8,0,0,0,0,8.5,1.2,0,0,0
60,d_19710901,32.5,19.3,1.9,0.2,0,0,7.5,0.4,0,0,0
54.4,d_19711001,37.5,22.3,2.7,0.1,0,0,8.1,3.5,0,0,0
48.8,d_19711101,44.7,26.4,5.3,1,0,0,6.6,2.5,0,0,0
69.8,d_19711201,17.7,4.7,0,0,0,0,12.5,3.7,0,0,0
50.9,d_19720101,15.4,4.4,0,0,0,0,33.7,12.1,1.7,0,0
56.8,d_19720201,10.4,2,0,0,0,0,32.8,12.8,1.7,0.1,0
46.8,d_19720301,6.9,1.9,0,0,0,0,46.3,24.4,3.4,1.2,0
59.7,d_19720401,6.6,3.4,0,0,0,0,33.8,18.7,4.6,2.7,0.2
68.4,d_19720501,7.5,1.6,0,0,0,0,24.1,13.3,5,2.5,0
46.8,d_19720601,33.9,16.7,4.3,1.1,0,0,19.3,11.2,5.5,1.6,0.3
55.1,d_19720701,13.9,4.9,0.4,0,0,0,31.1,20.6,3.4,1.3,0.3
34.2,d_19720801,3.1,0.3,0,0,0,0,62.7,42.2,15.4,6.2,1.4
27.1,d_19720901,0,0,0,0,0,0,72.9,51,13.1,4.5,1.9
25.2,d_19721001,0,0,0,0,0,0,74.7,50.3,14.5,4.1,2.1
26.9,d_19721101,0,0,0,0,0,0,73.1,49.4,13.5,4.4,2
15.6,d_19721201,0,0,0,0,0,0,84.3,65,19.9,6.7,2.1
8.3,d_19730101,0,0,0,0,0,0,91.8,74.6,31.2,11.8,1.7
1.2,d_19730201,0,0,0,0,0,0,98.8,92.9,55.7,26.5,5.1
0,d_19730301,0,0,0,0,0,0,100,99.8,88.4,72.2,40.3
9.3,d_19730401,0,0,0,0,0,0,90.8,87,80.7,74.1,57.3
6.4,d_19730501,0,0,0,0,0,0,93.7,87.3,82.7,79.2,68.3
10.4,d_19730601,0.4,0.1,0,0,0,0,89.2,83.8,73.9,59,26.6
14,d_19730701,0.6,0.2,0,0,0,0,85.3,76.4,47.5,27.4,5.5
8.7,d_19730801,0,0,0,0,0,0,91.4,80.9,46.1,24.7,6.5
21.5,d_19730901,0.2,0,0,0,0,0,78.2,57.3,16.4,2.2,0
16.9,d_19731001,0.2,0,0,0,0,0,82.8,58.5,10.5,1.5,0
20.9,d_19731101,0,0,0,0,0,0,79.1,50.5,7.9,1.1,0
38.3,d_19731201,1,0.1,0,0,0,0,60.7,27.9,3.9,0.2,0
62.8,d_19740101,4.6,1.9,0,0,0,0,32.5,12.2,1,0,0
46.9,d_19740201,45.3,24.6,7.6,4.7,1.1,0,7.8,1.6,0,0,0
53.9,d_19740301,32.2,15.7,4.9,1.7,0,0,13.9,6,0.2,0,0
52.8,d_19740401,15.5,8.4,2.1,0,0,0,31.8,19.8,4.7,0,0
49.7,d_19740501,23.5,13.1,0.4,0,0,0,26.6,18.9,11.5,7.3,4.3
46.2,d_19740601,22.2,12.6,0.5,0,0,0,31.6,27.4,15.9,10.2,4.1
32.3,d_19740701,41.1,22.9,5.9,1.3,0,0,26.6,20,8.8,4.4,0.7
45.9,d_19740801,22,12.2,2.2,0.5,0,0,32.1,23.2,13.3,5.1,0.3
47.6,d_19740901,38.8,26.4,10.7,5.3,0.5,0,13.7,3.7,0,0,0
52.8,d_19741001,41.6,24.8,8.3,3.6,0,0,5.4,0.5,0,0,0
54.3,d_19741101,40,26.7,9,3.9,0,0,5.6,0.7,0,0,0
56.6,d_19741201,37.2,25.8,10.4,3.4,0,0,6.2,1.3,0,0,0
54.3,d_19750101,37.7,23.1,9.4,2.3,0,0,7.8,1.5,0,0,0
45.2,d_19750201,46.1,27.5,11.5,5.2,0.8,0,8.7,2.7,0.1,0,0
46.2,d_19750301,43.6,30.1,10.2,6.7,2.5,0,10.2,3.2,0.1,0,0
70.6,d_19750401,8.1,1.6,0,0,0,0,21.2,8.2,0.8,0.1,0
71.8,d_19750501,26.8,5.9,0,0,0,0,1.4,0,0,0,0
68,d_19750601,1.1,0,0,0,0,0,31,15,5,3.2,0.8
68.2,d_19750701,17.7,4.7,0,0,0,0,14.1,6.9,3.4,1.2,0
46.7,d_19750801,8.8,2.5,0,0,0,0,44.5,29.8,14.2,9.1,3.6
61.4,d_19750901,12.9,3.8,0,0,0,0,25.6,17.8,8.8,5.6,1.7
45.5,d_19751001,40.2,17.5,2.8,0.1,0,0,14.2,8.3,3.9,0.7,0
65.5,d_19751101,11.5,1.8,0,0,0,0,23,15.8,7.8,5.2,1.5
52.1,d_19751201,27.2,11,2,0.3,0,0,20.7,14.6,7.9,5.3,1.7
51.9,d_19760101,29.8,19.7,5.7,1.5,0,0,18.2,11.6,5,2.3,0
53.3,d_19760201,17.8,8.5,1.8,0.5,0,0,28.9,13.8,5.4,2.7,0.3
38.9,d_19760301,7,3.2,0,0,0,0,54.1,31.2,4.5,0.3,0
17,d_19760401,0.4,0,0,0,0,0,82.8,65.6,38.2,18.1,2.4
59.3,d_19760501,8.3,0.8,0,0,0,0,32.5,20.2,2.9,0,0
71.3,d_19760601,12.4,1.7,0,0,0,0,16.4,8.8,2.6,0.2,0
72.1,d_19760701,4.1,0.9,0,0,0,0,23.7,8,0,0,0
23.4,d_19760801,75.6,55.9,23.3,11.4,1.2,0,0.9,0.1,0,0,0
4.7,d_19760901,95.3,89.9,65.8,42.1,17.1,0,0,0,0,0,0
4.1,d_19761001,96,90.2,77.4,67.5,40.3,0,0,0,0,0,0
1.8,d_19761101,98.2,97.4,91.7,87.1,73.3,0,0,0,0,0,0
0,d_19761201,100,100,99.1,98,96.9,0,0,0,0,0,0
0,d_19770101,100,100,100,99.8,99,0,0,0,0,0,0
0,d_19770201,100,100,100,100,100,0,0,0,0,0,0
0,d_19770301,100,100,99.6,90,61.3,0,0,0,0,0,0
0,d_19770401,100.1,99,89.2,70.8,35.2,0,0,0,0,0,0
0.1,d_19770501,99.9,96.2,73.5,45.3,14,0,0,0,0,0,0
27.6,d_19770601,72.4,52,17.9,5.7,0.1,0,0,0,0,0,0
52,d_19770701,28.6,12.5,1.6,0,0,0,19.4,6.9,0,0,0
43.3,d_19770801,5.4,1.6,0,0,0,0,51.4,40.5,15.8,5.3,0
37.8,d_19770901,2.6,0.3,0,0,0,0,59.6,49.7,32.7,19.1,3.4
36.9,d_19771001,0.4,0,0,0,0,0,62.7,51,32.5,20.4,4.5
25.4,d_19771101,0,0,0,0,0,0,74.7,56.6,36.7,24.2,6.1
40.7,d_19771201,2.2,0.2,0,0,0,0,57.2,44.1,20.7,6.3,0.6
44.1,d_19780101,3.6,1.3,0,0,0,0,52.2,38.4,11,4.5,0.1
40.4,d_19780201,3.4,1.2,0,0,0,0,56.2,44.1,18.1,5.4,0.5
45.9,d_19780301,9.5,4.3,0,0,0,0,44.6,31.2,6.6,2,0
51.2,d_19780401,6.4,1.2,0,0,0,0,42.5,28.2,8.6,1.8,0
66.4,d_19780501,0.8,0,0,0,0,0,32.8,17.5,0.1,0,0
63,d_19780601,10.2,0.3,0,0,0,0,27,14.4,1.7,0,0
27.9,d_19780701,0.1,0,0,0,0,0,72,55.6,23.9,10.9,2.5
14.6,d_19780801,0,0,0,0,0,0,85.6,57.9,20.5,7.4,0.3
9.3,d_19780901,0,0,0,0,0,0,90.7,74.2,21.7,7,0.1
18.4,d_19781001,0,0,0,0,0,0,81.6,52.6,8.8,1.9,0
12.4,d_19781101,0,0,0,0,0,0,87.6,72.2,20.2,4.3,0
3.7,d_19781201,0,0,0,0,0,0,96.2,84.6,45.6,16.7,0.6
6.4,d_19790101,0,0,0,0,0,0,93.6,81.5,42.7,14,0.5
3.1,d_19790201,0,0,0,0,0,0,97,86.9,44,11.3,0.7
2.2,d_19790301,0,0,0,0,0,0,97.9,91.1,68.1,49,16.7
26.3,d_19790401,0.9,0,0,0,0,0,72.8,55.7,25.8,11.2,0.7
40.4,d_19790501,0.6,0.2,0,0,0,0,59,36.5,15.9,6.2,0.3
48.2,d_19790601,4.6,0,0,0,0,0,47.2,24.3,1.6,0.1,0
39.7,d_19790701,1.6,0.1,0,0,0,0,58.7,31.4,6,1.3,0
31,d_19790801,0,0,0,0,0,0,68.9,47.4,11.6,4.6,0.5
73.7,d_19790901,7.9,0.1,0,0,0,0,18.3,8.5,1,0.1,0
64.4,d_19791001,6,0.5,0,0,0,0,29.6,12.5,1.2,0,0
66.7,d_19791101,5.4,0.3,0,0,0,0,27.9,10.4,0.3,0,0
65.5,d_19791201,29.9,9.2,0.6,0,0,0,4.6,0,0,0,0
65.6,d_19800101,14.7,4.1,0.6,0.1,0,0,19.6,5,0,0,0
72.9,d_19800201,20.1,6,0.8,0.1,0,0,7.1,1.3,0,0,0
56.8,d_19800301,42.7,19,3.5,0.7,0,0,0.6,0,0,0,0
50.9,d_19800401,48.7,25.5,12.4,6.1,1.5,0,0.4,0,0,0,0
8.3,d_19800501,91.7,81.5,55.1,35.2,10,0,0,0,0,0,0
47.1,d_19800601,39.4,29.7,11.8,6.1,0.1,0,13.4,7.5,4.3,2.5,0.7
29.7,d_19800701,67,40.8,18.5,9.9,2.3,0,3.1,1.5,0,0,0
49.2,d_19800801,9.9,7.5,2.7,0,0,0,40.9,20.4,6.1,2.1,0
18.4,d_19800901,2,0.2,0,0,0,0,79.6,57.5,24.6,11.2,3.3
36.5,d_19801001,4.2,2,0,0,0,0,59.4,38.4,11.4,4.6,1
41.9,d_19801101,5.5,2.5,0,0,0,0,52.7,31.9,7.6,2.9,0.2
33.4,d_19801201,4.6,2.3,0,0,0,0,62,43.3,9.9,3.1,0.2
37.9,d_19810101,3.7,1.6,0,0,0,0,58.4,39.2,10.1,3.5,0.2
9.6,d_19810201,0,0,0,0,0,0,90.4,77.4,37.8,18,2.7
28.1,d_19810301,0.8,0,0,0,0,0,71,51.6,15.5,4.5,0
6,d_19810401,0,0,0,0,0,0,94,84.3,46.7,26.2,11
59.7,d_19810501,22,5.2,0.1,0,0,0,18.4,2.4,0,0,0
26,d_19810601,58.8,44.6,16.6,4.8,0,0,15,6.6,2.3,0.6,0
41.3,d_19810701,48.8,32.4,12.7,5.4,0,0,9.9,3.3,0.3,0,0
58.7,d_19810801,12.7,7,0.3,0,0,0,28.7,15,1.1,0,0
62.7,d_19810901,16.6,7.2,0.6,0,0,0,20.8,6.1,0,0,0
51.5,d_19811001,1.9,0,0,0,0,0,46.6,22,1,0,0
62.3,d_19811101,22.1,9.5,0.4,0,0,0,15.6,3.2,0,0,0
65.5,d_19811201,10,2.8,0,0,0,0,24.5,7.6,0,0,0
65.2,d_19820101,19.6,9.5,1.4,0.2,0,0,15.3,2.4,0,0,0
52.8,d_19820201,16.6,7.9,0.3,0,0,0,30.6,15.6,0.6,0,0
41.4,d_19820301,30.5,18.2,8.7,6.4,2.2,0,28.1,16.1,1.3,0,0
58.6,d_19820401,12.5,7,1,0,0,0,29,14.3,0.5,0,0
71.7,d_19820501,13.9,6.2,0.1,0,0,0,14.3,2.5,0,0,0
75.1,d_19820601,20,5.7,0.2,0,0,0,4.9,2.2,0,0,0
67.5,d_19820701,14.6,4,0,0,0,0,17.9,7.1,1.1,0.2,0
65.9,d_19820801,4.9,1.4,0,0,0,0,29.1,8.7,0.5,0,0
57.2,d_19820901,11.1,3.2,0,0,0,0,31.8,20.2,1.7,0.2,0
48.4,d_19821001,12,3.8,0,0,0,0,39.5,27.8,3.6,0.4,0
27.5,d_19821101,0,0,0,0,0,0,72.6,47.2,18,2.9,0.3
14.3,d_19821201,0,0,0,0,0,0,85.7,66.6,29.3,13,1.3
17,d_19830101,0,0,0,0,0,0,83,62.6,25.1,8.6,1.3
19.8,d_19830201,0,0,0,0,0,0,80.2,63.1,23.2,7,0.8
4.7,d_19830301,0,0,0,0,0,0,95.3,85.5,48.1,23.2,5.8
23.9,d_19830401,0,0,0,0,0,0,76.2,59.8,28.9,13.3,1.5
5.7,d_19830501,0,0,0,0,0,0,94.3,78.7,49.7,27.9,5.3
12.5,d_19830601,0,0,0,0,0,0,87.5,61,13.3,2.3,0
39.2,d_19830701,0.2,0,0,0,0,0,60.6,34,4.4,1.9,0.2
53.4,d_19830801,0.2,0,0,0,0,0,46.4,21.9,1.4,0,0
67.4,d_19830901,3.4,0.7,0,0,0,0,29.2,10.6,0,0,0
58.5,d_19831001,1.6,0.2,0,0,0,0,39.9,17,0.2,0,0
27.3,d_19831101,0.6,0.1,0,0,0,0,72,39.2,6.2,0.6,0
27.9,d_19831201,0.3,0,0,0,0,0,71.9,38.1,4.7,0.5,0
30.9,d_19840101,0.4,0,0,0,0,0,68.6,39.5,5.7,0.4,0
33.8,d_19840201,3.3,0.2,0,0,0,0,62.9,35,9.8,4.9,0.6
20.5,d_19840301,1,0,0,0,0,0,78.5,66,22.7,9.2,1.1
11,d_19840401,0,0,0,0,0,0,89.1,79.7,50.6,19,2.1
23.9,d_19840501,0,0,0,0,0,0,76,45.3,10.3,2.7,0
19.8,d_19840601,0,0,0,0,0,0,80.2,54.8,17.4,8.4,2.1
30.9,d_19840701,4.7,2.5,0,0,0,0,64.4,37,6.3,1.6,0.2
58.2,d_19840801,19.3,13.8,1.8,0,0,0,22.5,7.3,0,0,0
58.5,d_19840901,15.9,2.7,0,0,0,0,25.6,15.8,0.1,0,0
37.1,d_19841001,0.7,0,0,0,0,0,62.3,44.1,15.9,4.4,0
31.3,d_19841101,8.1,0.7,0,0,0,0,60.6,48,15.5,8.2,0.3
27.4,d_19841201,0.7,0,0,0,0,0,71.9,58.3,27.1,11.7,0.8
33.1,d_19850101,5.1,0.1,0,0,0,0,61.7,49.6,14.9,2.9,0.1
28.6,d_19850201,0.9,0.1,0,0,0,0,70.6,56.6,30.6,14.9,3.7
26.5,d_19850301,0.9,0.5,0,0,0,0,72.5,52.7,23.6,10.4,1.3
10,d_19850401,0,0,0,0,0,0,90,64.2,23.8,9.6,1.4
11.2,d_19850501,0,0,0,0,0,0,88.8,81.3,28.1,6.6,0
23.4,d_19850601,2.7,0.4,0,0,0,0,73.9,48.2,3.4,0.5,0
65.4,d_19850701,18.9,9.8,3.3,0,0,0,15.7,2.1,0.2,0,0
45.7,d_19850801,17.1,5.5,0.2,0,0,0,37.1,22.1,0.8,0.5,0.1
40.5,d_19850901,8.5,2.8,0,0,0,0,51.1,37.9,16,5.7,0.9
38.4,d_19851001,2,0.7,0,0,0,0,59.5,46,23.5,11.1,0.6
22.2,d_19851101,0.9,0.4,0,0,0,0,77.1,64.3,43.2,31.6,6.2
26.5,d_19851201,1.3,0.5,0,0,0,0,72.1,57.3,38.1,22.1,2.4
23.9,d_19860101,1.3,0.4,0,0,0,0,74.9,62.6,37.9,17.6,1.3
15.8,d_19860201,0.3,0,0,0,0,0,83.9,73.6,46.8,19.9,2.7
5.4,d_19860301,0,0,0,0,0,0,94.6,84.3,63,37.8,12.1
0,d_19860401,0,0,0,0,0,0,100,98.3,76.3,54.9,28.3
11,d_19860501,0,0,0,0,0,0,89.1,73.3,41.1,22.3,5.6
42.1,d_19860601,1,0.1,0,0,0,0,56.9,36.4,14.8,8.8,0.3
22.2,d_19860701,0,0,0,0,0,0,77.7,54.2,18,7.9,0.3
57.5,d_19860801,9.4,2.9,0.5,0.1,0,0,33.1,16.1,5.6,2.7,1
21.4,d_19860901,1.1,0.4,0,0,0,0,77.5,66,41.3,27.6,12
18.1,d_19861001,0.3,0,0,0,0,0,81.6,69.2,43.9,28.3,10.6
25.9,d_19861101,1.3,0.1,0,0,0,0,72.8,60,33.6,19.3,5.5
31.8,d_19861201,2.8,1,0,0,0,0,65.4,50.1,26.2,12.9,2.1
33.4,d_19870101,3.5,1.2,0.2,0,0,0,63,48,20.7,9.1,1.5
32.2,d_19870201,1.9,0.2,0,0,0,0,65.9,54.9,31.3,17.6,4
33.4,d_19870301,1.5,0.1,0,0,0,0,65.1,49.3,21.6,9.3,0.2
42.5,d_19870401,17,10.3,2.8,0,0,0,40.4,20.5,5.4,1.2,0
42.6,d_19870501,21.9,14.1,6.9,2,0,0,35.5,21.2,5,0.2,0
2.3,d_19870601,97.8,93.2,75.4,60.9,41.1,0,0,0,0,0,0
16.9,d_19870701,82.4,72.5,57.1,43.8,23.7,0,0.7,0,0,0,0
27.5,d_19870801,66.7,59.7,47.4,35,18.9,0,5.9,1.4,0.1,0,0
31.5,d_19870901,65.3,57.1,40.7,27,12.3,0,3.2,0.9,0,0,0
33.5,d_19871001,64.4,56.2,29.8,17.8,5.3,0,1.9,0.3,0,0,0
40.7,d_19871101,50.1,31,10.2,3.5,0,0,9.2,2.2,0,0,0
46.4,d_19871201,34.4,18.2,3.5,0.1,0,0,19.3,6.7,0.9,0.1,0
52.9,d_19880101,20,7.3,0,0,0,0,27.1,10.9,0.8,0,0
56.7,d_19880201,25.7,11.5,1.9,0,0,0,17.7,6.1,0.7,0,0
54.3,d_19880301,8.7,0.9,0,0,0,0,37.1,19.6,1.9,0.3,0
33.5,d_19880401,49.1,27,3.3,0.2,0,0,17.3,8.1,1.2,0.2,0
16.9,d_19880501,83,64.4,22,4.7,0,0,0.1,0,0,0,0
0.2,d_19880601,99.9,95,72.1,47.7,15.1,0,0,0,0,0,0
0.2,d_19880701,99.8,98,79.7,55.6,26.7,0,0,0,0,0,0
0.3,d_19880801,99.8,96.9,74.2,51.6,23.9,0,0,0,0,0,0
2.9,d_19880901,97.1,92.3,64.9,40.2,16.1,0,0,0,0,0,0
0.9,d_19881001,99,94.9,70.5,47.8,22.1,0,0,0,0,0,0
17,d_19881101,83,62.9,28.8,14.1,4.9,0,0,0,0,0,0
18.8,d_19881201,81.1,60.8,24.5,11.2,3.4,0,0,0,0,0,0
22.1,d_19890101,77.8,58.2,26.1,10.9,2.8,0,0.1,0,0,0,0
43.6,d_19890201,55.7,35,10.6,3.1,0,0,0.8,0.1,0,0,0
64.9,d_19890301,17.8,4.3,0,0,0,0,17.3,6.3,0,0,0
66.4,d_19890401,16.3,4.5,0,0,0,0,17.3,5.7,0,0,0
64,d_19890501,17.1,10.4,0.6,0,0,0,18.8,5.5,0,0,0
44,d_19890601,54.3,32,17.7,11.3,4.3,0,1.8,0.7,0.1,0,0
44.6,d_19890701,55,28.8,10.5,5.4,0,0,0.4,0,0,0,0
28.1,d_19890801,71.6,60.2,30.8,16.6,2.3,0,0.3,0,0,0,0
17.7,d_19890901,82.1,70.5,50.2,33.1,20.1,0,0,0,0,0,0
16.1,d_19891001,83.9,64.2,32.3,19.5,7.6,0,0,0,0,0,0
16.2,d_19891101,83.9,62,32,16.2,5.7,0,0,0,0,0,0
6.6,d_19891201,93.3,77.5,42,25.7,9.9,0,0,0,0,0,0
16.7,d_19900101,83.3,63,29.5,14.8,5.3,0,0,0,0,0,0
8.9,d_19900201,91,81.1,53.7,36.2,19.5,0,0,0,0,0,0
35.3,d_19900301,62.2,43.4,22.7,13.1,2.6,0,2.5,0.6,0,0,0
47.6,d_19900401,51.1,37.7,17,5.7,0.1,0,1.4,0,0,0,0
50,d_19900501,48.6,29.1,6.7,2.7,0.2,0,1.4,0,0,0,0
28.1,d_19900601,8.5,2.3,0,0,0,0,63.6,47.7,17.3,6.1,0.6
43.3,d_19900701,8.7,5.3,0.8,0,0,0,48,27.5,11.1,6,0.8
16,d_19900801,6,2.7,0.6,0.1,0,0,78,66.4,37.7,18.5,3.1
17.4,d_19900901,0.5,0.1,0,0,0,0,82,68.6,35.1,15,1.8
11.1,d_19901001,0,0,0,0,0,0,88.9,71.3,32.3,11.2,1.3
14.7,d_19901101,0,0,0,0,0,0,85.4,67.3,25.2,7.7,0.8
25.1,d_19901201,0.2,0,0,0,0,0,74.7,51.9,15.5,4,0
30,d_19910101,0.4,0,0,0,0,0,69.6,46.2,15.9,4.7,0.4
42.8,d_19910201,0,0,0,0,0,0,57.2,32.8,6.6,1,0
66.7,d_19910301,5,1.2,0,0,0,0,28.4,12.4,1.5,0,0
22.4,d_19910401,1.9,1.1,0.2,0,0,0,75.9,44.7,13.6,5.6,0
44,d_19910501,0.9,0.1,0,0,0,0,55.1,36.7,25.5,15.5,4.9
39.2,d_19910601,6.9,2,0,0,0,0,53.9,41.5,17.5,8.1,1.9
35.6,d_19910701,0.7,0.1,0,0,0,0,63.7,45.7,24.4,10,1.5
43,d_19910801,3.5,0.6,0,0,0,0,53.5,37.3,12.4,1.2,0
37,d_19910901,7.8,1.1,0,0,0,0,55.2,39.5,24,15.9,2.9
27.2,d_19911001,0.7,0,0,0,0,0,72.1,54.1,27.1,14.3,1.2
5.4,d_19911101,0,0,0,0,0,0,94.6,85.8,62.7,44.5,24
9.3,d_19911201,0,0,0,0,0,0,90.7,79.5,51.3,29.2,13.8
19.7,d_19920101,0,0,0,0,0,0,80.4,65.8,34.2,20.2,11.2
27,d_19920201,0.5,0,0,0,0,0,72.6,51.1,19.5,14,4.6
7.9,d_19920301,0,0,0,0,0,0,92.2,71.6,21.4,9.6,2.6
15.1,d_19920401,0,0,0,0,0,0,84.8,62.1,24.4,8.8,0.1
16.1,d_19920501,0,0,0,0,0,0,83.8,61.7,26.2,12.2,2.7
63.5,d_19920601,4.6,0,0,0,0,0,31.9,10.4,0,0,0
58.3,d_19920701,17.9,10.8,3.2,0.1,0,0,24,13.7,3.2,0,0
16.9,d_19920801,83.1,68,30.1,11.8,2.4,0,0,0,0,0,0
56.4,d_19920901,41.3,21,3.5,0,0,0,2.4,0.5,0,0,0
54.9,d_19921001,44.5,25.1,2.6,0,0,0,0.6,0,0,0,0
64.5,d_19921101,17.6,5,0,0,0,0,17.9,3.7,0,0,0
65,d_19921201,13.8,1,0,0,0,0,21.2,5,0,0,0
59.7,d_19930101,17.4,4.5,0,0,0,0,22.9,5.6,0,0,0
46.9,d_19930201,11.5,1.2,0,0,0,0,41.6,18.3,0.8,0,0
37.2,d_19930301,6.7,0.7,0,0,0,0,56.2,38.8,17.4,5.8,0.6
20.6,d_19930401,12.7,5.9,0,0,0,0,66.6,61.1,40.2,21.4,4.7
20.5,d_19930501,0,0,0,0,0,0,79.5,71.1,60.6,45.7,25.2
7.5,d_19930601,0,0,0,0,0,0,92.5,84.9,71.9,60.2,41.5
11.6,d_19930701,0,0,0,0,0,0,88.4,77.4,67.3,63.6,57.1
21.8,d_19930801,1.1,0,0,0,0,0,77.2,71.3,63,55.9,39.4
25,d_19930901,2.5,0,0,0,0,0,72.6,67.4,57.4,42.2,20.4
26.2,d_19931001,5.7,0.5,0,0,0,0,68.1,62.6,40.7,24.1,11.1
26.4,d_19931101,0.7,0,0,0,0,0,72.7,64.4,41.2,22.7,9.9
24.7,d_19931201,0.2,0,0,0,0,0,75.2,65,37.7,18.7,4.2
34,d_19940101,0.6,0,0,0,0,0,65.4,50.7,20,7.7,0.3
27.5,d_19940201,12,4,0,0,0,0,60.5,41.2,14.3,6.9,1
53.3,d_19940301,36.3,24.3,5.5,0.8,0,0,10.3,3.7,0,0,0
53.5,d_19940401,43.4,18,1,0,0,0,3.1,0.5,0,0,0
12.9,d_19940501,87,71.1,22,4,0,0,0,0,0,0,0
12.1,d_19940601,87.9,74.6,35.5,17.9,1.4,0,0,0,0,0,0
47.1,d_19940701,49.9,31.1,7.4,1.5,0,0,2.8,0.2,0,0,0
52,d_19940801,40.1,28,7.9,2.4,0,0,7.8,2.1,0,0,0
57.4,d_19940901,10.7,3.4,0.7,0,0,0,31.9,13.4,0.5,0,0
62.3,d_19941001,17,8,0.7,0,0,0,20.7,4.7,0,0,0
60.7,d_19941101,15.3,8.1,0.4,0,0,0,24,6,0,0,0
63.1,d_19941201,12.7,5.3,0,0,0,0,24.2,7.7,0.3,0,0
65.3,d_19950101,24.9,10.6,1.1,0.2,0,0,9.8,0.5,0,0,0
63.6,d_19950201,14,3.9,0.1,0,0,0,22.3,6.5,0,0,0
60.4,d_19950301,5.5,0.8,0,0,0,0,34.1,15,1,0,0
46.5,d_19950401,24.1,12.5,0.3,0,0,0,29.4,11.5,0.5,0,0
43.6,d_19950501,26.4,16.8,4.7,0.9,0,0,30,11.8,2,0.4,0
22.2,d_19950601,77.9,61.3,33.9,23.2,8.1,0,0,0,0,0,0
29.3,d_19950701,67.2,53.2,32.3,23.3,10.4,0,3.5,0.5,0,0,0
60.5,d_19950801,16.4,7.3,1.3,0,0,0,23.1,9.2,1.8,0.3,0
65.4,d_19950901,22.8,9.8,2.2,0.6,0,0,11.7,2.9,0.4,0,0
45.3,d_19951001,3.3,0.9,0,0,0,0,51.3,26.7,3.4,1.1,0
34,d_19951101,0.6,0,0,0,0,0,65.4,33.6,5.4,0.7,0
46.1,d_19951201,1.9,0.2,0,0,0,0,52,24.4,2.8,0,0
29.3,d_19960101,1.5,0.3,0,0,0,0,69.3,53.1,16.1,3.4,0
29.5,d_19960201,3,0.7,0,0,0,0,67.4,53,17.8,5.2,0.2
23.2,d_19960301,1.6,0.1,0,0,0,0,75,68.7,47.1,25.2,4.6
20.2,d_19960401,3,1.7,0,0,0,0,76.7,72,55.9,35.9,13.1
55.3,d_19960501,16.6,2.1,0,0,0,0,28,15.4,3.1,0.8,0
12.5,d_19960601,0,0,0,0,0,0,87.4,73.2,35.5,17.1,5.2
41.6,d_19960701,5.4,0.9,0,0,0,0,52.9,37.8,16.4,6.2,1.6
45,d_19960801,17.7,6.4,0,0,0,0,37.4,24.4,6.2,2,0.5
44.6,d_19960901,30.2,15.6,1.8,0,0,0,25.1,16.2,4.9,1.1,0
49.7,d_19961001,28,16.5,4.1,0.6,0,0,22.3,13.3,1.7,0,0
51.8,d_19961101,23.5,13.3,1.5,0.3,0,0,24.7,13.8,4.1,0.9,0
51.3,d_19961201,17,6.8,0.2,0,0,0,31.8,19.1,7.6,3.1,0
42.6,d_19970101,10.8,2.2,0,0,0,0,46.6,30.4,13,7.9,2.2
39.8,d_19970201,2.6,0.3,0,0,0,0,57.7,38,16.1,10.7,4.8
32.9,d_19970301,31.6,15,0.1,0,0,0,35.5,23.6,12.9,9.3,2.8
34.5,d_19970401,49.2,37.6,9.8,1.7,0,0,16.4,7.9,1.8,0.5,0
41.2,d_19970501,40.2,23.1,0.6,0,0,0,18.6,12.7,3.2,0.1,0
65.1,d_19970601,11.9,4,0,0,0,0,23.1,8.8,0.8,0,0
60.3,d_19970701,13.6,4.9,0.4,0,0,0,26.1,10.6,1.9,0.5,0
65.5,d_19970801,6.7,0.6,0,0,0,0,27.8,10.8,0.4,0,0
75.8,d_19970901,18.9,8.4,0.6,0,0,0,5.4,1.2,0,0,0
67.6,d_19971001,31,14,5.9,2.7,0,0,1.5,0,0,0,0
44.8,d_19971101,54.2,26.7,5.7,2.5,0,0,0.9,0,0,0,0
31.5,d_19971201,67.9,40.8,8.4,4.1,0,0,0.6,0,0,0,0
77.8,d_19980101,18.3,7.8,3,0.1,0,0,3.8,1.5,0,0,0
76,d_19980201,11.9,5,0.7,0,0,0,12.2,5.7,1.5,0.3,0
58.4,d_19980301,3.4,0.1,0,0,0,0,38.2,19.7,6.8,3.1,1.4
79.7,d_19980401,6.9,4,0,0,0,0,13.2,3.4,0,0,0
54.1,d_19980501,28,10.4,0.1,0,0,0,17.8,5.1,0.3,0,0
46,d_19980601,3.2,0.2,0,0,0,0,50.7,37.4,23.8,14.4,3.7
35.5,d_19980701,28.4,16.1,7.3,3.2,0,0,35.9,28.6,11.3,6.4,1.9
24,d_19980801,25.4,15,2.1,0,0,0,50.5,42.4,27.5,20.9,9.2
27.1,d_19980901,26.4,18,5.4,0.4,0,0,46.5,33.6,18.6,9.1,2.5
31.9,d_19981001,27.8,17.5,9,3.6,0,0,40.3,28.6,17.7,10,3.1
31.5,d_19981101,32.7,20.6,8.9,3,0,0,35.9,25.5,12.2,5.9,1.3
31.7,d_19981201,48.8,37,18.2,11.1,2.4,0,19.5,11,1.8,0.3,0
37.2,d_19990101,35.7,23.4,6.9,1.7,0,0,27.1,14.2,2.2,0.2,0
45.3,d_19990201,29.1,15.9,3.8,0.3,0,0,25.6,11.6,2.5,0,0
30.3,d_19990301,69.3,54.1,25.8,11.4,2.4,0,0.4,0,0,0,0
42,d_19990401,29.8,17.7,6.1,0.7,0,0,28.1,19.8,3,0.6,0
61.7,d_19990501,7.2,0.6,0,0,0,0,31.1,13.6,0,0,0
37.9,d_19990601,4.6,0.9,0,0,0,0,57.4,43.6,14.4,4.5,0.8
3.2,d_19990701,0,0,0,0,0,0,96.9,90.9,62.4,37.7,10.8
6.8,d_19990801,0,0,0,0,0,0,93.2,84.7,49.7,27.9,4.4
16.2,d_19990901,0.7,0,0,0,0,0,83.1,62.4,25.5,9.1,1.6
41.8,d_19991001,7.2,3.6,0,0,0,0,50.9,27.4,4.3,1.7,0
52.4,d_19991101,9.4,5.9,0,0,0,0,38.3,16.4,2.1,0.1,0
44.2,d_19991201,6.7,2.5,0,0,0,0,49.1,23,3.3,0.1,0
62.7,d_20000101,8.7,0.4,0,0,0,0,28.5,11.9,2.5,0.8,0
62.9,d_20000201,19.4,6.4,0,0,0,0,17.6,6.7,2.1,1.1,0
51.6,d_20000301,31.6,19.4,2.2,0.1,0,0,16.8,5.1,1.7,0.6,0
8.3,d_20000401,91.7,80.6,51.9,33,8.3,0,0,0,0,0,0
16.4,d_20000501,83.1,72,41.1,13.9,0.6,0,0.5,0,0,0,0
48.5,d_20000601,20.9,12.5,5.1,1.6,0.2,0,30.5,19.1,5.1,1,0
36,d_20000701,6.4,3.4,0,0,0,0,57.6,37.6,11.4,1.7,0
25.5,d_20000801,5.9,1.4,0,0,0,0,68.6,46.3,16,5.8,0.3
17.8,d_20000901,9,5.5,0.1,0,0,0,73.3,56.4,20.2,6.4,1.2
43.3,d_20001001,10.2,6.6,0.1,0,0,0,46.5,26.8,6.3,1.9,0.4
44.1,d_20001101,4.7,0.2,0,0,0,0,51.2,28.7,5,2.3,0.7
33.7,d_20001201,5.3,0.6,0,0,0,0,61.1,36.8,10.8,3.6,1
33,d_20010101,0,0,0,0,0,0,66.9,41.4,13.3,3.4,0.9
27.6,d_20010201,0,0,0,0,0,0,72.4,39.9,9.3,0.9,0.1
69.3,d_20010301,18,1,0,0,0,0,12.7,5.1,0.7,0.2,0
57.6,d_20010401,5.5,0.1,0,0,0,0,36.8,28.3,10.7,3.6,0
45.6,d_20010501,0.2,0,0,0,0,0,54.3,37.1,19.9,11.8,1.7
29.3,d_20010601,5,0.5,0,0,0,0,65.7,45.7,25.6,19.6,12
33.7,d_20010701,0.4,0,0,0,0,0,65.9,47.9,27.8,20.9,9.3
23.2,d_20010801,0.9,0.1,0,0,0,0,75.9,55.5,18.6,4.5,0.1
30.1,d_20010901,0.4,0,0,0,0,0,69.4,48,11.5,2.1,0
35.7,d_20011001,0.7,0,0,0,0,0,63.6,43.5,8.6,1.8,0
34.5,d_20011101,0.7,0,0,0,0,0,64.7,39.2,3.7,0.2,0
20.1,d_20011201,0,0,0,0,0,0,79.9,53.9,9.8,0.9,0
56.8,d_20020101,6.1,2.5,0.3,0,0,0,37,17.9,2.1,0.2,0
61.3,d_20020201,8.5,2.3,0.3,0,0,0,30.4,11.4,1.1,0,0
68.5,d_20020301,6,2.3,0,0,0,0,25.4,5.7,0.1,0,0
21.2,d_20020401,0.1,0,0,0,0,0,78.8,58.9,15.5,2.8,0
44.9,d_20020501,0.5,0.1,0,0,0,0,54.7,30.8,8,2.3,0
30.5,d_20020601,0.1,0,0,0,0,0,69.4,52.4,35.5,15.4,2.4
28.5,d_20020701,6.1,2.1,0,0,0,0,65.3,53.7,35.3,19.5,3.4
29.2,d_20020801,1.5,0.1,0,0,0,0,69.3,54.8,36.3,19.2,3.6
30.5,d_20020901,1.9,0.3,0,0,0,0,67.7,58.4,41.7,30,9.1
23.6,d_20021001,0,0,0,0,0,0,76.3,65.2,53.5,43.6,27.5
34.3,d_20021101,3.4,0.1,0,0,0,0,62.2,54.3,39.2,25.4,4.9
37.6,d_20021201,6.7,0.5,0,0,0,0,55.8,45.2,24.9,9.9,1
41.6,d_20030101,21.4,12.3,0.1,0,0,0,36.9,25.6,6.4,2.2,0.2
37.3,d_20030201,23.7,14.5,0.7,0.1,0,0,39.2,28.2,11.7,5.3,1.1
28.4,d_20030301,36.4,29.3,11.8,1.9,0,0,35.3,21.6,4.2,1.1,0.1
20.6,d_20030401,35.8,29.1,11.8,2.1,0,0,43.5,28.9,6.4,1.5,0.1
26.9,d_20030501,33.8,18.6,0.5,0,0,0,39.3,29.2,10,4.9,1.2
45.3,d_20030601,41.3,31.6,12.4,3.3,0.2,0,13.5,4.8,0.3,0,0
23.8,d_20030701,75,60,30.9,10.3,0.5,0,1.2,0.2,0,0,0
23.5,d_20030801,75.3,58.3,26,8.4,0.2,0,1.1,0,0,0,0
25,d_20030901,70.3,52.4,19.8,5.5,0.2,0,4.7,1.8,0,0,0
27,d_20031001,70.1,52.2,18.4,4,0,0,3,0.7,0,0,0
51.2,d_20031101,42.1,23.3,3.7,0.2,0,0,6.8,3.7,0,0,0
49.2,d_20031201,43.8,24.8,4.6,0.6,0,0,7.1,2.7,0,0,0
42.5,d_20040101,50.1,36,12.7,2.9,0.1,0,7.4,2.5,0,0,0
32,d_20040201,61.7,48.5,19.4,8.1,1.5,0,6.2,3.6,0,0,0
31.5,d_20040301,45.7,31.5,4.8,0.3,0,0,22.8,10.9,2.3,0.2,0
41.3,d_20040401,38.4,29.2,11.8,1.9,0,0,20.2,5.8,0,0,0
21.1,d_20040501,0,0,0,0,0,0,78.9,63.1,37.9,27.6,16.1
20.9,d_20040601,0.6,0,0,0,0,0,78.5,66.9,49.8,42.5,32.9
25.8,d_20040701,0,0,0,0,0,0,74.2,64.3,51.8,43.8,36.2
35,d_20040801,0.4,0,0,0,0,0,64.7,53.7,36.9,27.6,11.9
47,d_20040901,1.2,0,0,0,0,0,51.7,34.3,12,4.2,0.7
25.7,d_20041001,0.1,0,0,0,0,0,74.3,50.4,15.3,5.4,0.9
42.4,d_20041101,0.6,0.1,0,0,0,0,57.1,37.4,13,4.3,0.4
53.6,d_20041201,2.7,0.3,0,0,0,0,43.9,25.5,5.8,1.1,0
42.9,d_20050101,2.7,1.1,0.1,0,0,0,54.5,40.9,18.6,6.8,0.7
81.3,d_20050201,13,4.1,0.3,0,0,0,5.7,1.7,0.3,0,0
48.7,d_20050301,45.7,10.8,0,0,0,0,5.6,1.1,0,0,0
45.7,d_20050401,52.9,29.8,0.3,0,0,0,1.5,0.4,0,0,0
42.5,d_20050501,56.3,35.6,6.2,0.3,0,0,1.1,0,0,0,0
71.2,d_20050601,27.5,11.7,1,0,0,0,1.2,0,0,0,0
23.8,d_20050701,76.1,56.7,18.2,2.9,0,0,0,0,0,0,0
18.9,d_20050801,80.8,61.6,31,14.7,1.1,0,0.4,0,0,0,0
17.7,d_20050901,79.6,61.5,29.4,12.2,0.7,0,2.8,0.6,0,0,0
23.4,d_20051001,72.1,57.6,28.1,14.6,4.3,0,4.6,1.2,0,0,0
30,d_20051101,63.5,45.6,13,5.6,0.8,0,6.4,1.5,0,0,0
34.3,d_20051201,58.2,41.2,9.9,2.8,0.1,0,7.5,2.8,0,0,0
54.4,d_20060101,35.8,16,0.4,0,0,0,9.6,5,0,0,0
58.1,d_20060201,28.8,10.8,1,0,0,0,13.1,8,1.7,0,0
72.2,d_20060301,13.8,2.7,0,0,0,0,14.1,7.6,0.3,0,0
70.3,d_20060401,8.3,1.3,0,0,0,0,21.5,10.3,2.9,0.7,0.1
43.8,d_20060501,2,0.4,0,0,0,0,54.3,31.8,8.8,3.1,0.6
48.1,d_20060601,24.7,15.6,5,2,0,0,27.3,13.3,2.1,0,0
34.8,d_20060701,41,30.5,15.3,7.1,0.9,0,24.1,18.1,5.3,2.1,0
45.5,d_20060801,38.7,24.5,9.4,3.5,0.1,0,15.9,8.3,2.7,0.4,0
39.8,d_20060901,42.4,31.7,11.6,6,0.8,0,17.8,11.3,2,0.5,0
34.7,d_20061001,46,32.7,15.3,6.7,1.9,0,19.3,10,2,0.5,0
35.2,d_20061101,44,31.6,17.7,8.3,2.5,0,20.9,13.5,3.5,1.2,0
38.5,d_20061201,38.1,27.6,17.9,9.4,2.3,0,23.4,12.9,2.1,0.5,0
42.2,d_20070101,39.2,25.1,13.8,6.7,1.8,0,18.4,7,1.1,0,0
45.6,d_20070201,45.3,31.1,17.1,9.2,3.3,0,9.2,4.4,0.5,0,0
55.3,d_20070301,18.4,10.1,0.7,0,0,0,26.4,12.5,1.1,0,0
48.2,d_20070401,20.9,15.2,4.6,1.1,0,0,30.8,17.7,3.5,0.9,0
48.4,d_20070501,38.4,28.3,13.7,6.7,0.3,0,13.1,5.4,0.3,0,0
38.5,d_20070601,51.1,34.6,15.8,7.4,0.2,0,10.3,3.7,0,0,0
35.5,d_20070701,61.7,42.2,16.6,7.1,0.6,0,2.7,0.6,0,0,0
22.8,d_20070801,41.1,32.3,17.3,7.4,0.3,0,36.2,31.5,25.6,21.1,12.4
23.8,d_20070901,43.9,31.9,15.7,9.5,2.7,0,32.4,28.5,17.5,9.6,5
45.7,d_20071001,12.8,5.2,0.2,0,0,0,41.5,33.8,21.1,12,7.1
43.3,d_20071101,23.6,12.6,1.8,0.4,0.1,0,32.9,24.8,9.9,7.3,4.4
45.5,d_20071201,18.1,10,1.5,0.4,0.1,0,36.4,28.9,16.1,9.9,6.1
48.2,d_20080101,11.5,4,0.2,0,0,0,40.2,32.1,16.9,9.6,6
46.8,d_20080201,5.1,1.5,0,0,0,0,48.2,38.6,28.2,23.9,15
37.2,d_20080301,5.6,0.3,0,0,0,0,57.2,43.5,30.2,25.6,19
17.2,d_20080401,0,0,0,0,0,0,82.7,75.7,55.9,41.5,31.6
19.1,d_20080501,0,0,0,0,0,0,80.9,57.6,30.4,12.4,2.4
8.8,d_20080601,0,0,0,0,0,0,91.2,76.4,46.1,36.5,32
36.6,d_20080701,15.2,2,0,0,0,0,48.3,44,37.2,34.7,30.8
34.1,d_20080801,20.4,7.1,0,0,0,0,45.6,41.9,36.5,33.8,27.1
22.8,d_20080901,41,24.3,5.2,1.1,0,0,36.3,34.3,28.6,21.1,10.5
28.4,d_20081001,37.6,23.5,7.3,1,0,0,34,31.6,22,14.1,2.2
25.3,d_20081101,43.4,27.7,12.9,2.8,0,0,31.3,24.8,10.9,3,0
39.3,d_20081201,24.3,15,0.7,0,0,0,36.4,33.1,20.8,11.4,1
19.3,d_20090101,55,40.2,16,4.8,0.2,0,25.7,19.2,3,0.1,0
15.6,d_20090201,55.4,41.5,19.3,9.7,1.5,0,29.1,23.4,12.6,4.2,0
25.2,d_20090301,64.1,50.1,21.4,10.8,3.1,0,10.6,6.1,0.7,0.1,0
18.9,d_20090401,68.7,56.1,24.9,6.2,1.3,0,12.4,8.3,1.2,0,0
38,d_20090501,47,32.5,11.6,7.4,0.6,0,15.1,12.7,6.5,1.9,0.1
33,d_20090601,47.2,36.7,21.5,12.3,2.5,0,19.7,14.6,11.4,6.3,0.6
21.7,d_20090701,60.8,50.8,35.4,25.8,17.2,0,17.7,15.6,7.7,0.9,0
40.1,d_20090801,38.6,30.8,17.4,9.2,1.8,0,21.4,16.6,11.5,7.3,1.9
9,d_20090901,79.1,67.4,44,34.7,17.9,0,11.9,5.8,0.1,0,0
43.8,d_20091001,39,28,8.2,1.4,0,0,17.3,14.6,6.2,1.1,0
38.2,d_20091101,46.7,37.7,15.1,5.7,0,0,15.1,12.3,2.7,0,0
44,d_20091201,42.3,26,7.9,0.8,0,0,13.7,9.6,0.3,0,0
43.8,d_20100101,47.6,35.5,8,1.8,0,0,8.6,4.4,0.3,0,0
41.2,d_20100201,48.2,32.9,11.8,2.4,0,0,10.5,5.3,1.6,0.1,0
46.1,d_20100301,48.2,30.7,5.6,0,0,0,5.8,2.9,1.2,0.2,0
56,d_20100401,31.8,20.4,5.6,1.5,0,0,12,5.3,1.1,0,0
32.3,d_20100501,57.5,43.5,23.8,18.7,7.4,0,10.2,2.7,0,0,0
32.4,d_20100601,2.1,1.1,0.1,0,0,0,65.6,48.8,28.2,20.7,6.8
40.7,d_20100701,1.4,0.5,0,0,0,0,57.9,48.4,39,31.4,19.5
11.2,d_20100801,0.7,0.2,0,0,0,0,88.1,74.8,48,35.3,24.5
2.1,d_20100901,0,0,0,0,0,0,97.9,93.3,69.9,49.9,22.9
2.2,d_20101001,0,0,0,0,0,0,97.8,94.1,69.2,43.9,9.9
2.2,d_20101101,0,0,0,0,0,0,97.7,93.8,70.6,46.3,10.2
0.4,d_20101201,0,0,0,0,0,0,99.5,96,84.9,63,29
1.8,d_20110101,0,0,0,0,0,0,98.2,95.3,84.7,71.2,38.2
1.1,d_20110201,0,0,0,0,0,0,99,96.5,87.4,80.3,56.3
6.4,d_20110301,0,0,0,0,0,0,93.6,86.4,71.1,57.2,34.6
15.9,d_20110401,0,0,0,0,0,0,84.1,75.5,51.4,33.2,16.3
25.4,d_20110501,0.1,0,0,0,0,0,74.6,65.4,30.2,15.4,5.5
64.2,d_20110601,1.2,0,0,0,0,0,34.6,15.7,2.5,0.4,0
44.3,d_20110701,3.6,1,0,0,0,0,52.1,38,16.3,6.9,1
43,d_20110801,6.5,3.4,0.8,0.1,0,0,50.4,30,4.2,1.2,0
64.1,d_20110901,12.3,3,0.4,0,0,0,23.6,12.9,2.6,0.7,0
65.8,d_20111001,16.8,4.2,0.5,0,0,0,17.5,6.7,0.9,0,0
63.1,d_20111101,18.7,4.1,0.3,0,0,0,18.2,8.4,2.3,0.7,0
65.6,d_20111201,21.2,4.1,0.1,0,0,0,13.2,5.6,1,0,0
62.8,d_20120101,34.1,12.6,0.9,0.1,0,0,3.1,0.6,0,0,0
68.7,d_20120201,23.5,10.4,2.8,0.6,0.1,0,7.8,2.1,0.1,0,0
63.4,d_20120301,28.6,11.3,2.5,1.2,0.3,0,8.2,1.7,0.5,0.1,0
58,d_20120401,41.4,25.4,12.1,5.6,0.2,0,0.6,0,0,0,0
64,d_20120501,15.4,6.6,0.3,0.1,0,0,20.6,10.2,1.8,0.1,0
57.2,d_20120601,17.7,5.8,1.1,0.4,0.1,0,25,13,1.9,1.3,0.6
51.7,d_20120701,17,7.3,0.1,0,0,0,31.2,19.1,5,2.3,0.6
47.3,d_20120801,36.4,20.6,5,1.9,0,0,16.4,7.3,2.1,0.9,0.2
29.1,d_20120901,66.7,54.9,22.3,11.2,3.2,0,4.1,1.6,0.4,0,0
49.8,d_20121001,43.2,23.3,5.8,2.1,0,0,7.1,4,0.8,0,0
38.9,d_20121101,56.4,37,9.8,3.7,0.3,0,4.6,2.6,0.3,0,0
43.9,d_20121201,51.7,29.8,6.7,2.4,0.3,0,4.5,2.4,0.2,0,0
49.6,d_20130101,44.1,24.1,3.1,0.7,0,0,6.2,3.4,0.3,0,0
34.8,d_20130201,60.7,40.1,8.7,1.9,0,0,4.5,2.1,0,0,0
45.6,d_20130301,44,31.2,14.9,6.4,1,0,10.4,3.6,0.7,0,0
40.9,d_20130401,18.4,9.4,2.6,0.2,0,0,40.8,20.5,1.4,0,0
21.9,d_20130501,2.4,0.8,0,0,0,0,75.6,63.9,37.4,16.6,3.2
2.3,d_20130601,0,0,0,0,0,0,97.7,91.5,79,68.2,52.4
14.1,d_20130701,0,0,0,0,0,0,85.9,75.3,47.9,36.5,21.9
14.6,d_20130801,0,0,0,0,0,0,85.4,74.4,45.7,28.2,15.6
32.7,d_20130901,2.9,0.5,0,0,0,0,64.5,44,18.7,11.1,5
23.4,d_20131001,1.4,0.7,0,0,0,0,75.2,48.3,16.9,8.5,2.9
27,d_20131101,1.2,0.4,0,0,0,0,72,46.4,15.3,7,2.6
27,d_20131201,0.9,0.2,0,0,0,0,72.1,45.8,13.9,7,3.4
53.6,d_20140101,2.5,0.6,0,0,0,0,43.9,19.9,5.2,3.3,1.7
53.3,d_20140201,19.2,5.9,0,0,0,0,27.5,14.9,4,1.6,0
33.4,d_20140301,56.6,49.6,16.7,4.3,0,0,10,4.5,0.6,0.1,0
52,d_20140401,8.6,4,0,0,0,0,39.3,23.7,8.1,2.4,0
39.9,d_20140501,2,0,0,0,0,0,58.2,41.5,17.3,7.9,1.8
2.5,d_20140601,0,0,0,0,0,0,97.5,89.4,68,55.9,36.9
18.1,d_20140701,0.4,0.1,0,0,0,0,81.5,68.3,37.1,17,3.9
11.2,d_20140801,1.5,0.3,0,0,0,0,87.4,72.5,46,32.7,10.6
20.7,d_20140901,0,0,0,0,0,0,79.4,65.1,38.3,19,5.9
10,d_20141001,0,0,0,0,0,0,90,72.3,39.6,15.6,2.3
13.3,d_20141101,0,0,0,0,0,0,86.7,69.6,37.3,15.2,1.6
9.5,d_20141201,0,0,0,0,0,0,90.6,76.2,47.6,21.7,3.4
31.3,d_20150101,2.3,0.7,0,0,0,0,66.3,48.9,13.5,3.2,0.1
36.8,d_20150201,2.1,0.5,0,0,0,0,61.3,35.6,5.4,1.3,0.1
46.9,d_20150301,36,27.9,9.1,2,0,0,17.1,5.7,0,0,0
44.2,d_20150401,21.1,9,0.2,0,0,0,34.8,20.3,2.5,0.1,0
54.1,d_20150501,20.5,10.2,0,0,0,0,25.4,14.4,4.8,0.6,0
61.2,d_20150601,13.4,4,0.2,0,0,0,25.4,8.6,0,0,0
58,d_20150701,33.3,16.1,0.9,0,0,0,8.7,1,0,0,0
63.2,d_20150801,25.8,7.2,1,0.2,0,0,11,4.4,0,0,0
62.4,d_20150901,21.5,8.3,0.9,0.2,0.1,0,16.2,7.9,0.5,0,0
67,d_20151001,8.3,1.7,0,0,0,0,24.8,10.2,2.2,0,0
44.5,d_20151101,0.4,0,0,0,0,0,55.1,27.9,8.9,3.1,0
3.6,d_20151201,0,0,0,0,0,0,96.3,86.3,54,21.1,4.6
2.7,d_20160101,0,0,0,0,0,0,97.3,84.1,45.7,18.4,6.2
6.7,d_20160201,0,0,0,0,0,0,93.2,70,29,12.4,4.6
0.7,d_20160301,0,0,0,0,0,0,99.2,95,61.2,38.8,15.9
0,d_20160401,0,0,0,0,0,0,100,99.4,72.2,47.7,22.3
0,d_20160501,0,0,0,0,0,0,99.9,99.2,67.1,41.6,10.6
0.1,d_20160601,0,0,0,0,0,0,99.9,95.9,79,60,29.1
0,d_20160701,0,0,0,0,0,0,100,98.6,87.2,73.2,44.8
1.3,d_20160801,0,0,0,0,0,0,98.8,94.6,80.4,63.5,36.9
7.5,d_20160901,0,0,0,0,0,0,92.5,84.9,56.5,35.8,21.6
3.7,d_20161001,0,0,0,0,0,0,96.3,89.2,56.8,38.3,22.1
3,d_20161101,0,0,0,0,0,0,97,90.8,56.9,38.2,20.7
8.8,d_20161201,0,0,0,0,0,0,91.1,73,38.8,26.2,8.5
4.3,d_20170101,0,0,0,0,0,0,95.8,87.1,55.6,36.6,20.9
0.7,d_20170201,0,0,0,0,0,0,99.3,95,72.9,50.5,27.7
4.5,d_20170301,0,0,0,0,0,0,95.5,88.6,58.3,38.1,24.3
3.8,d_20170401,0,0,0,0,0,0,96.1,88.1,69.2,55.4,39.3
0,d_20170501,0,0,0,0,0,0,100,99,84.7,67.2,39.7
1.1,d_20170601,0,0,0,0,0,0,98.9,94.9,84.7,72.2,48.1
3.6,d_20170701,0,0,0,0,0,0,96.5,89.6,76.2,68.7,51.2
0.5,d_20170801,0,0,0,0,0,0,99.5,97.3,83,69.6,46.8
5.7,d_20170901,0,0,0,0,0,0,94.3,81.7,43.6,22.3,5.5
2.3,d_20171001,0,0,0,0,0,0,97.5,91.1,47.6,24.5,6.3
7.8,d_20171101,0,0,0,0,0,0,92.2,71.8,28.9,12.7,1.1
13.2,d_20171201,0,0,0,0,0,0,86.9,59.7,20.5,10,4
38.7,d_20180101,0,0,0,0,0,0,61.2,37.8,9.5,3,0
47.6,d_20180201,0.8,0,0,0,0,0,51.6,28,4.1,0.2,0
68.8,d_20180301,20.3,3.7,0,0,0,0,11,4.2,0,0,0
44.9,d_20180401,40.2,22.3,4.9,1.8,0.1,0,15,6.6,0,0,0
63.9,d_20180501,25.9,13.5,3.4,2.1,0.6,0,10.4,4.2,0.5,0.1,0
32.8,d_20180601,5.1,2.9,0.6,0,0,0,62.1,48.5,20.6,8.8,1.4
48.1,d_20180701,24,16.1,7.6,3.9,1.1,0,27.9,15.4,1.7,0.5,0
29,d_20180801,13.5,8.8,3.2,0.9,0.1,0,57.4,46.9,30.8,23.1,15
29.9,d_20180901,7.5,3.7,0.6,0.2,0,0,62.6,51.5,38.1,34,27.2
17.6,d_20181001,0.8,0.2,0,0,0,0,81.6,71.6,49.6,38.8,33.2
20,d_20181101,0.7,0.2,0,0,0,0,79.3,69.6,47.9,37.2,29.7
17.1,d_20181201,0.2,0,0,0,0,0,82.7,74.6,54.5,42.6,33.7
13.6,d_20190101,0.1,0,0,0,0,0,86.2,75.3,55.7,44.6,34.6
0.4,d_20190201,0,0,0,0,0,0,99.5,97.1,80.4,64.8,46.5
1.8,d_20190301,0,0,0,0,0,0,98.2,95,67.8,47,31.1
0,d_20190401,0,0,0,0,0,0,100.1,99.3,94.7,86.9,60.4
0,d_20190501,0,0,0,0,0,0,100,100,97.2,91.8,75.5
0,d_20190601,0,0,0,0,0,0,100.1,99.1,90.6,77.5,51.4
3.5,d_20190701,0,0,0,0,0,0,96.5,91,68.7,53,29.4
7.6,d_20190801,0.3,0,0,0,0,0,92.1,86.9,68.4,43.7,22.5
2.6,d_20190901,0,0,0,0,0,0,97.4,95,83.6,70,42.5
1.4,d_20191001,0,0,0,0,0,0,98.7,97,91.3,84.4,60.6
3.5,d_20191101,0,0,0,0,0,0,96.5,92.6,77.5,64.4,36.9
0.1,d_20191201,0,0,0,0,0,0,99.9,97.9,90.9,80.4,53.6
0.1,d_20200101,0,0,0,0,0,0,99.9,96.8,88,76.6,46.5
2.5,d_20200201,0,0,0,0,0,0,97.5,91.3,71.2,56.1,27.6
0.1,d_20200301,0,0,0,0,0,0,99.9,99.1,87.6,74.3,50.1
0.1,d_20200401,0,0,0,0,0,0,99.9,98.2,82.3,59.6,27.6
0.4,d_20200501,0,0,0,0,0,0,99.6,97.7,87.8,71.8,35.7
6.8,d_20200601,0.3,0,0,0,0,0,93,85,61.7,42.9,19.2
4.8,d_20200701,0,0,0,0,0,0,95.2,82.2,40.6,30.3,21.7
15.5,d_20200801,0,0,0,0,0,0,84.6,65.1,34.5,24,15.5
41.2,d_20200901,3.3,1.1,0.1,0,0,0,55.4,40.1,19.1,10.8,0.9
42.4,d_20201001,2.8,1.1,0.1,0,0,0,54.8,41.4,23.2,11.9,2.9
39,d_20201101,2.6,1.3,0.1,0,0,0,58.4,43.8,25.9,15.1,4
52.7,d_20201201,5.5,2.1,0.1,0,0,0,41.9,30,8.1,2.9,0
47.7,d_20210101,6.7,2.9,0.9,0.1,0,0,45.5,33.5,9,3.5,0
54.5,d_20210201,7.6,2.7,0.6,0,0,0,37.9,25,6.5,2.2,0.1
57.7,d_20210301,18,10,3,0.3,0,0,24.2,10,1.7,0.7,0
55.9,d_20210401,37.2,19.2,7.6,4.4,0.8,0,7,2.9,0.1,0,0
53.8,d_20210501,41.9,19.6,4.1,0,0,0,4.3,0.3,0,0,0
50.5,d_20210601,40.4,18.1,2.7,0.6,0,0,9.1,1.3,0,0,0
36.4,d_20210701,46.7,34.1,12.4,3.7,0.9,0,16.9,10.4,1.9,0.9,0.1
30.4,d_20210801,35.7,25.8,7.6,1,0.4,0,33.9,28.7,18.4,13,4.7
33.3,d_20210901,39.2,29.3,11,4.9,1.8,0,27.6,20.4,7.1,2.4,0
37.7,d_20211001,38.2,25.5,5.6,1.4,0.1,0,23.9,15.9,4.1,0.3,0
36.4,d_20211101,43.3,27.8,10.4,4.9,0.8,0,20.4,12.5,1.2,0,0
35.1,d_20211201,39.5,25.9,7.8,1.2,0,0,25.2,15.5,2.3,0.3,0
30.5,d_20220101,45.1,35,9.3,2.1,0,0,24.3,16,3,0,0
30.1,d_20220201,46.4,34.7,5.6,0.4,0,0,23.5,15.5,2,0.2,0
51.4,d_20220301,18.4,6.6,0.1,0,0,0,30.2,20.3,3.8,1.6,0.1